#
# There is insufficient memory for the Java Runtime Environment to continue.
# Native memory allocation (mmap) failed to map 249561088 bytes for G1 virtual space
# Possible reasons:
#   The system is out of physical RAM or swap space
#   The process is running with CompressedOops enabled, and the Java Heap may be blocking the growth of the native heap
# Possible solutions:
#   Reduce memory load on the system
#   Increase physical memory or swap space
#   Check if swap backing store is full
#   Decrease Java heap size (-Xmx/-Xms)
#   Decrease number of Java threads
#   Decrease Java thread stack sizes (-Xss)
#   Set larger code cache with -XX:ReservedCodeCacheSize=
#   JVM is running with Zero Based Compressed Oops mode in which the Java heap is
#     placed in the first 32GB address space. The Java Heap base address is the
#     maximum limit for the native heap growth. Please use -XX:HeapBaseMinAddress
#     to set the Java Heap base and to place the Java Heap above 32GB virtual address.
# This output file may be truncated or incomplete.
#
#  Out of Memory Error (os_windows.cpp:3600), pid=30268, tid=24524
#
# JRE version: Java(TM) SE Runtime Environment (21.0+35) (build 21+35-LTS-2513)
# Java VM: Java HotSpot(TM) 64-Bit Server VM (21+35-LTS-2513, mixed mode, sharing, tiered, compressed oops, compressed class ptrs, g1 gc, windows-amd64)
# No core dump will be written. Minidumps are not enabled by default on client versions of Windows
#

---------------  S U M M A R Y ------------

Command Line: -javaagent:C:\Users\DELL\AppData\Local\JetBrains\IntelliJIdea2025.3\captureAgent\debugger-agent.jar=file:///C:/Users/DELL/AppData/Local/Temp/capture3003570054310035580.props -ea -Xms256m -Xmx3g -Didea.test.cyclic.buffer.size=1048576 -javaagent:C:\Program Files\JetBrains\IntelliJ IDEA 2025.3.2\lib\idea_rt.jar=50316 -Dkotlinx.coroutines.debug.enable.creation.stack.trace=false -Ddebugger.agent.enable.coroutines=true -Dkotlinx.coroutines.debug.enable.flows.stack.trace=true -Dkotlinx.coroutines.debug.enable.mutable.state.flows.stack.trace=true -Ddebugger.async.stack.trace.for.all.threads=true -Dfile.encoding=UTF-8 -Dsun.stdout.encoding=UTF-8 -Dsun.stderr.encoding=UTF-8 com.intellij.rt.junit.JUnitStarter -ideVersion5 -junit5 com.fastbase.RealDataBenchmarkTest

Host: 11th Gen Intel(R) Core(TM) i5-1135G7 @ 2.40GHz, 8 cores, 15G,  Windows 11 , 64 bit Build 26100 (10.0.26100.8328)
Time: Fri May 15 16:40:20 2026 Paris, Madrid (heure duild 26100 (10.0.26100.8328) elapsed time: 29.003453 seconds (0d 0h 0m 29s)

---------------  T H R E A D  ---------------

Current thread (0x0000016ddfe24740):  VMThread "VM Thread"          [id=24524, stack(0x0000005918d00000,0x0000005918e00000) (1024K)]

Stack: [0x0000005918d00000,0x0000005918e00000]
Native frames: (J=compiled Java code, j=interpreted, Vv=VM code, C=native code)
V  [jvm.dll+0x6c8d39]
V  [jvm.dll+0x854091]
V  [jvm.dll+0x85630e]
V  [jvm.dll+0x8569e3]
V  [jvm.dll+0x2809a6]
V  [jvm.dll+0x6c5425]
V  [jvm.dll+0x6b9e1a]
V  [jvm.dll+0x3555ba]
V  [jvm.dll+0x35d206]
V  [jvm.dll+0x3adf6e]
V  [jvm.dll+0x3ae218]
V  [jvm.dll+0x328fcc]
V  [jvm.dll+0x32b876]
V  [jvm.dll+0x3357ce]
V  [jvm.dll+0x36ba35]
V  [jvm.dll+0x85c4e8]
V  [jvm.dll+0x85d5e4]
V  [jvm.dll+0x85db20]
V  [jvm.dll+0x85ddc3]
V  [jvm.dll+0x7fd2c8]
V  [jvm.dll+0x6c748d]
C  [ucrtbase.dll+0x37b0]
C  [KERNEL32.DLL+0x2e957]
C  [ntdll.dll+0x427c]

VM_Operation (0x00000059188ff3f0): G1PauseRemark, mode: safepoint, requested by thread 0x0000016dc0780b10


---------------  P R O C E S S  ---------------

Threads class SMR info:
_java_thread_list=0x0000016e26731640, length=17, elements={
0x0000016dc06fdea0, 0x0000016ddfe41300, 0x0000016ddfe43d70, 0x0000016ddfe44c90,
0x0000016ddfe47610, 0x0000016ddfe49050, 0x0000016ddfe468f0, 0x0000016de03d75a0,
0x0000016de03e8450, 0x0000016ddfe45bd0, 0x0000016ddfe47ca0, 0x0000016ddfe46260,
0x0000016ddfe489c0, 0x0000016e26764720, 0x0000016e26762650, 0x0000016e26767ba0,
0x0000016e26767510
}

Java Threads: ( => current thread )
  0x0000016dc06fdea0 JavaThread "main"                              [_thread_blocked, id=24364, stack(0x0000005918600000,0x0000005918700000) (1024K)]
  0x0000016ddfe41300 JavaThread "Reference Handler"          daemon [_thread_blocked, id=10340, stack(0x0000005918e00000,0x0000005918f00000) (1024K)]
  0x0000016ddfe43d70 JavaThread "Finalizer"                  daemon [_thread_blocked, id=15956, stack(0x0000005918f00000,0x0000005919000000) (1024K)]
  0x0000016ddfe44c90 JavaThread "Signal Dispatcher"          daemon [_thread_blocked, id=3552, stack(0x0000005919000000,0x0000005919100000) (1024K)]
  0x0000016ddfe47610 JavaThread "Attach Listener"            daemon [_thread_blocked, id=27628, stack(0x0000005919100000,0x0000005919200000) (1024K)]
  0x0000016ddfe49050 JavaThread "Service Thread"             daemon [_thread_blocked, id=21788, stack(0x0000005919200000,0x0000005919300000) (1024K)]
  0x0000016ddfe468f0 JavaThread "Monitor Deflation Thread"   daemon [_thread_blocked, id=20424, stack(0x0000005919300000,0x0000005919400000) (1024K)]
  0x0000016de03d75a0 JavaThread "C2 CompilerThread0"         daemon [_thread_blocked, id=29180, stack(0x0000005919400000,0x0000005919500000) (1024K)]
  0x0000016de03e8450 JavaThread "C1 CompilerThread0"         daemon [_thread_blocked, id=30232, stack(0x0000005919500000,0x0000005919600000) (1024K)]
  0x0000016ddfe45bd0 JavaThread "Common-Cleaner"             daemon [_thread_blocked, id=27812, stack(0x0000005919600000,0x0000005919700000) (1024K)]
  0x0000016ddfe47ca0 JavaThread "IntelliJ Suspend Helper"    daemon [_thread_blocked, id=23528, stack(0x0000005919700000,0x0000005919800000) (1024K)]
  0x0000016ddfe46260 JavaThread "Monitor Ctrl-Break"         daemon [_thread_in_native, id=12848, stack(0x0000005919800000,0x0000005919900000) (1024K)]
  0x0000016ddfe489c0 JavaThread "Notification Thread"        daemon [_thread_blocked, id=13208, stack(0x0000005919900000,0x0000005919a00000) (1024K)]
  0x0000016e26764720 JavaThread "org.apache.hadoop.fs.FileSystem$Statistics$StatisticsDataReferenceCleaner" daemon [_thread_blocked, id=29736, stack(0x000000591a300000,0x000000591a400000) (1024K)]
  0x0000016e26762650 JavaThread "ForkJoinPool.commonPool-worker-1" daemon [_thread_blocked, id=6580, stack(0x0000005919a00000,0x0000005919b00000) (1024K)]
  0x0000016e26767ba0 JavaThread "ForkJoinPool.commonPool-worker-2" daemon [_thread_blocked, id=20612, stack(0x000000591a200000,0x000000591a300000) (1024K)]
  0x0000016e26767510 JavaThread "ForkJoinPool.commonPool-worker-3" daemon [_thread_blocked, id=27940, stack(0x000000591a500000,0x000000591a600000) (1024K)]
Total: 17

Other Threads:
=>0x0000016ddfe24740 VMThread "VM Thread"                           [id=24524, stack(0x0000005918d00000,0x0000005918e00000) (1024K)]
  0x0000016ddfe0afd0 WatcherThread "VM Periodic Task Thread"        [id=5680, stack(0x0000005918c00000,0x0000005918d00000) (1024K)]
  0x0000016dc0757180 WorkerThread "GC Thread#0"                     [id=24904, stack(0x0000005918700000,0x0000005918800000) (1024K)]
  0x0000016e264c09d0 WorkerThread "GC Thread#1"                     [id=5264, stack(0x0000005919c00000,0x0000005919d00000) (1024K)]
  0x0000016e26328de0 WorkerThread "GC Thread#2"                     [id=28928, stack(0x0000005919d00000,0x0000005919e00000) (1024K)]
  0x0000016e2655fd50 WorkerThread "GC Thread#3"                     [id=23168, stack(0x0000005919e00000,0x0000005919f00000) (1024K)]
  0x0000016e2629ddd0 WorkerThread "GC Thread#4"                     [id=18320, stack(0x0000005919f00000,0x000000591a000000) (1024K)]
  0x0000016e2629e580 WorkerThread "GC Thread#5"                     [id=24684, stack(0x000000591a000000,0x000000591a100000) (1024K)]
  0x0000016e26dcc480 WorkerThread "GC Thread#6"                     [id=7772, stack(0x0000005919b00000,0x0000005919c00000) (1024K)]
  0x0000016e26dcb600 WorkerThread "GC Thread#7"                     [id=14712, stack(0x000000591a100000,0x000000591a200000) (1024K)]
  0x0000016dc0780b10 ConcurrentGCThread "G1 Main Marker"            [id=19480, stack(0x0000005918800000,0x0000005918900000) (1024K)]
  0x0000016dc0780fd0 WorkerThread "G1 Conc#0"                       [id=16644, stack(0x0000005918900000,0x0000005918a00000) (1024K)]
  0x0000016e2727a600 WorkerThread "G1 Conc#1"                       [id=20256, stack(0x000000591a400000,0x000000591a500000) (1024K)]
  0x0000016ddfcd1770 ConcurrentGCThread "G1 Refine#0"               [id=22860, stack(0x0000005918a00000,0x0000005918b00000) (1024K)]
  0x0000016ddfcd2090 ConcurrentGCThread "G1 Service"                [id=23696, stack(0x0000005918b00000,0x0000005918c00000) (1024K)]
Total: 15

Threads with active compile tasks:
Total: 0

VM state: at safepoint (normal execution)

VM Mutex/Monitor currently owned by a thread:  ([mutex/lock_event])
[0x00007ffc34a38548] Threads_lock - owner thread: 0x0000016ddfe24740
[0x00007ffc34a38648] Heap_lock - owner thread: 0x0000016dc0780b10

Heap address: 0x0000000740000000, size: 3072 MB, Compressed Oops mode: Zero based, Oop shift amount: 3

CDS archive(s) mapped at: [0x0000016de1000000-0x0000016de1c90000-0x0000016de1c90000), size 13172736, SharedBaseAddress: 0x0000016de1000000, ArchiveRelocationMode: 1.
Compressed class space mapped at: 0x0000016de2000000-0x0000016e22000000, reserved size: 1073741824
Narrow klass base: 0x0000016de1000000, Narrow klass shift: 0, Narrow klass range: 0x100000000

GC Precious Log:
 CardTable entry size: 512
 Card Set container configuration: InlinePtr #cards 4 size 8 Array Of Cards #cards 16 size 48 Howl #buckets 8 coarsen threshold 3686 Howl Bitmap #cards 512 size 80 coarsen threshold 460 Card regions per heap region 1 cards per card region 4096
 CPUs: 8 total, 8 available
 Memory: 16129M
 Large Page Support: Disabled
 NUMA Support: Disabled
 Compressed Oops: Enabled (Zero based)
 Heap Region Size: 2M
 Heap Min Capacity: 256M
 Heap Initial Capacity: 256M
 Heap Max Capacity: 3G
 Pre-touch: Disabled
 Parallel Workers: 8
 Concurrent Workers: 2
 Concurrent Refinement Workers: 8
 Periodic GC: Disabled

Heap:
 garbage-first heap   total 2902016K, used 2031060K [0x0000000740000000, 0x0000000800000000)
  region size 2048K, 369 young (755712K), 28 survivors (57344K)
 Metaspace       used 27547K, committed 27840K, reserved 1114112K
  class space    used 2931K, committed 3072K, reserved 1048576K

Heap Regions: E=young(eden), S=young(survivor), O=old, HS=humongous(starts), HC=humongous(continues), CS=collection set, F=free, TAMS=top-at-mark-start, PB=parsable bottom
|   0|0x0000000740000000, 0x0000000740200000, 0x0000000740200000|100%| O|  |TAMS 0x0000000740200000| PB 0x0000000740200000| Untracked 
|   1|0x0000000740200000, 0x0000000740400000, 0x0000000740400000|100%| O|  |TAMS 0x0000000740400000| PB 0x0000000740400000| Untracked 
|   2|0x0000000740400000, 0x00000007405eefe0, 0x0000000740600000| 96%| O|  |TAMS 0x00000007405eefe0| PB 0x00000007405eefe0| Untracked 
|   3|0x0000000740600000, 0x0000000740800000, 0x0000000740800000|100%| O|  |TAMS 0x0000000740800000| PB 0x0000000740800000| Untracked 
|   4|0x0000000740800000, 0x00000007409fffb0, 0x0000000740a00000| 99%| O|  |TAMS 0x00000007409fffb0| PB 0x00000007409fffb0| Untracked 
|   5|0x0000000740a00000, 0x0000000740bc4138, 0x0000000740c00000| 88%| O|  |TAMS 0x0000000740bc4138| PB 0x0000000740bc4138| Updating 
|   6|0x0000000740c00000, 0x0000000740d1b190, 0x0000000740e00000| 55%| O|  |TAMS 0x0000000740d1b190| PB 0x0000000740d1b190| Updating 
|   7|0x0000000740e00000, 0x0000000741000000, 0x0000000741000000|100%| O|  |TAMS 0x0000000741000000| PB 0x0000000741000000| Untracked 
|   8|0x0000000741000000, 0x0000000741200000, 0x0000000741200000|100%|HS|  |TAMS 0x0000000741200000| PB 0x0000000741000000| Complete 
|   9|0x0000000741200000, 0x00000007413e7628, 0x0000000741400000| 95%| O|  |TAMS 0x00000007413e7628| PB 0x00000007413e7628| Untracked 
|  10|0x0000000741400000, 0x00000007415f54b0, 0x0000000741600000| 97%| O|  |TAMS 0x00000007415f54b0| PB 0x00000007415f54b0| Updating 
|  11|0x0000000741600000, 0x0000000741727f28, 0x0000000741800000| 57%| O|  |TAMS 0x0000000741727f28| PB 0x0000000741727f28| Updating 
|  12|0x0000000741800000, 0x0000000741a00000, 0x0000000741a00000|100%| O|  |TAMS 0x0000000741800000| PB 0x0000000741800000| Untracked 
|  13|0x0000000741a00000, 0x0000000741c00000, 0x0000000741c00000|100%|HS|  |TAMS 0x0000000741c00000| PB 0x0000000741a00000| Complete 
|  14|0x0000000741c00000, 0x0000000741e00000, 0x0000000741e00000|100%|HC|  |TAMS 0x0000000741e00000| PB 0x0000000741c00000| Complete 
|  15|0x0000000741e00000, 0x0000000742000000, 0x0000000742000000|100%|HC|  |TAMS 0x0000000742000000| PB 0x0000000741e00000| Complete 
|  16|0x0000000742000000, 0x0000000742200000, 0x0000000742200000|100%|HC|  |TAMS 0x0000000742200000| PB 0x0000000742000000| Complete 
|  17|0x0000000742200000, 0x0000000742400000, 0x0000000742400000|100%|HC|  |TAMS 0x0000000742400000| PB 0x0000000742200000| Complete 
|  18|0x0000000742400000, 0x0000000742600000, 0x0000000742600000|100%|HS|  |TAMS 0x0000000742600000| PB 0x0000000742400000| Complete 
|  19|0x0000000742600000, 0x0000000742800000, 0x0000000742800000|100%|HC|  |TAMS 0x0000000742800000| PB 0x0000000742600000| Complete 
|  20|0x0000000742800000, 0x0000000742a00000, 0x0000000742a00000|100%|HC|  |TAMS 0x0000000742a00000| PB 0x0000000742800000| Complete 
|  21|0x0000000742a00000, 0x0000000742c00000, 0x0000000742c00000|100%|HC|  |TAMS 0x0000000742c00000| PB 0x0000000742a00000| Complete 
|  22|0x0000000742c00000, 0x0000000742e00000, 0x0000000742e00000|100%|HC|  |TAMS 0x0000000742e00000| PB 0x0000000742c00000| Complete 
|  23|0x0000000742e00000, 0x0000000743000000, 0x0000000743000000|100%|HS|  |TAMS 0x0000000743000000| PB 0x0000000742e00000| Complete 
|  24|0x0000000743000000, 0x0000000743200000, 0x0000000743200000|100%|HC|  |TAMS 0x0000000743200000| PB 0x0000000743000000| Complete 
|  25|0x0000000743200000, 0x0000000743400000, 0x0000000743400000|100%|HC|  |TAMS 0x0000000743400000| PB 0x0000000743200000| Complete 
|  26|0x0000000743400000, 0x0000000743600000, 0x0000000743600000|100%|HC|  |TAMS 0x0000000743600000| PB 0x0000000743400000| Complete 
|  27|0x0000000743600000, 0x0000000743800000, 0x0000000743800000|100%|HC|  |TAMS 0x0000000743800000| PB 0x0000000743600000| Complete 
|  28|0x0000000743800000, 0x0000000743a00000, 0x0000000743a00000|100%|HS|  |TAMS 0x0000000743a00000| PB 0x0000000743800000| Complete 
|  29|0x0000000743a00000, 0x0000000743c00000, 0x0000000743c00000|100%|HC|  |TAMS 0x0000000743c00000| PB 0x0000000743a00000| Complete 
|  30|0x0000000743c00000, 0x0000000743e00000, 0x0000000743e00000|100%|HC|  |TAMS 0x0000000743e00000| PB 0x0000000743c00000| Complete 
|  31|0x0000000743e00000, 0x0000000744000000, 0x0000000744000000|100%|HC|  |TAMS 0x0000000744000000| PB 0x0000000743e00000| Complete 
|  32|0x0000000744000000, 0x0000000744200000, 0x0000000744200000|100%|HC|  |TAMS 0x0000000744200000| PB 0x0000000744000000| Complete 
|  33|0x0000000744200000, 0x0000000744400000, 0x0000000744400000|100%|HS|  |TAMS 0x0000000744400000| PB 0x0000000744200000| Complete 
|  34|0x0000000744400000, 0x0000000744600000, 0x0000000744600000|100%|HC|  |TAMS 0x0000000744600000| PB 0x0000000744400000| Complete 
|  35|0x0000000744600000, 0x0000000744800000, 0x0000000744800000|100%|HC|  |TAMS 0x0000000744800000| PB 0x0000000744600000| Complete 
|  36|0x0000000744800000, 0x0000000744a00000, 0x0000000744a00000|100%|HS|  |TAMS 0x0000000744a00000| PB 0x0000000744800000| Complete 
|  37|0x0000000744a00000, 0x0000000744c00000, 0x0000000744c00000|100%|HC|  |TAMS 0x0000000744c00000| PB 0x0000000744a00000| Complete 
|  38|0x0000000744c00000, 0x0000000744e00000, 0x0000000744e00000|100%|HC|  |TAMS 0x0000000744e00000| PB 0x0000000744c00000| Complete 
|  39|0x0000000744e00000, 0x0000000745000000, 0x0000000745000000|100%|HC|  |TAMS 0x0000000745000000| PB 0x0000000744e00000| Complete 
|  40|0x0000000745000000, 0x0000000745200000, 0x0000000745200000|100%|HC|  |TAMS 0x0000000745200000| PB 0x0000000745000000| Complete 
|  41|0x0000000745200000, 0x0000000745400000, 0x0000000745400000|100%|HS|  |TAMS 0x0000000745400000| PB 0x0000000745200000| Complete 
|  42|0x0000000745400000, 0x0000000745600000, 0x0000000745600000|100%|HC|  |TAMS 0x0000000745600000| PB 0x0000000745400000| Complete 
|  43|0x0000000745600000, 0x0000000745800000, 0x0000000745800000|100%|HC|  |TAMS 0x0000000745800000| PB 0x0000000745600000| Complete 
|  44|0x0000000745800000, 0x0000000745a00000, 0x0000000745a00000|100%|HC|  |TAMS 0x0000000745a00000| PB 0x0000000745800000| Complete 
|  45|0x0000000745a00000, 0x0000000745c00000, 0x0000000745c00000|100%|HC|  |TAMS 0x0000000745c00000| PB 0x0000000745a00000| Complete 
|  46|0x0000000745c00000, 0x0000000745e00000, 0x0000000745e00000|100%|HS|  |TAMS 0x0000000745e00000| PB 0x0000000745c00000| Complete 
|  47|0x0000000745e00000, 0x0000000746000000, 0x0000000746000000|100%|HC|  |TAMS 0x0000000746000000| PB 0x0000000745e00000| Complete 
|  48|0x0000000746000000, 0x0000000746200000, 0x0000000746200000|100%|HC|  |TAMS 0x0000000746200000| PB 0x0000000746000000| Complete 
|  49|0x0000000746200000, 0x0000000746400000, 0x0000000746400000|100%|HC|  |TAMS 0x0000000746400000| PB 0x0000000746200000| Complete 
|  50|0x0000000746400000, 0x0000000746600000, 0x0000000746600000|100%|HC|  |TAMS 0x0000000746600000| PB 0x0000000746400000| Complete 
|  51|0x0000000746600000, 0x0000000746800000, 0x0000000746800000|100%|HS|  |TAMS 0x0000000746800000| PB 0x0000000746600000| Complete 
|  52|0x0000000746800000, 0x0000000746a00000, 0x0000000746a00000|100%|HC|  |TAMS 0x0000000746a00000| PB 0x0000000746800000| Complete 
|  53|0x0000000746a00000, 0x0000000746c00000, 0x0000000746c00000|100%|HC|  |TAMS 0x0000000746c00000| PB 0x0000000746a00000| Complete 
|  54|0x0000000746c00000, 0x0000000746e00000, 0x0000000746e00000|100%|HC|  |TAMS 0x0000000746e00000| PB 0x0000000746c00000| Complete 
|  55|0x0000000746e00000, 0x0000000747000000, 0x0000000747000000|100%|HC|  |TAMS 0x0000000747000000| PB 0x0000000746e00000| Complete 
|  56|0x0000000747000000, 0x0000000747200000, 0x0000000747200000|100%|HS|  |TAMS 0x0000000747200000| PB 0x0000000747000000| Complete 
|  57|0x0000000747200000, 0x0000000747400000, 0x0000000747400000|100%|HC|  |TAMS 0x0000000747400000| PB 0x0000000747200000| Complete 
|  58|0x0000000747400000, 0x0000000747600000, 0x0000000747600000|100%|HC|  |TAMS 0x0000000747600000| PB 0x0000000747400000| Complete 
|  59|0x0000000747600000, 0x0000000747800000, 0x0000000747800000|100%|HC|  |TAMS 0x0000000747800000| PB 0x0000000747600000| Complete 
|  60|0x0000000747800000, 0x0000000747a00000, 0x0000000747a00000|100%|HS|  |TAMS 0x0000000747a00000| PB 0x0000000747800000| Complete 
|  61|0x0000000747a00000, 0x0000000747c00000, 0x0000000747c00000|100%|HC|  |TAMS 0x0000000747c00000| PB 0x0000000747a00000| Complete 
|  62|0x0000000747c00000, 0x0000000747e00000, 0x0000000747e00000|100%|HS|  |TAMS 0x0000000747e00000| PB 0x0000000747c00000| Complete 
|  63|0x0000000747e00000, 0x0000000748000000, 0x0000000748000000|100%|HC|  |TAMS 0x0000000748000000| PB 0x0000000747e00000| Complete 
|  64|0x0000000748000000, 0x0000000748200000, 0x0000000748200000|100%|HC|  |TAMS 0x0000000748200000| PB 0x0000000748000000| Complete 
|  65|0x0000000748200000, 0x0000000748400000, 0x0000000748400000|100%|HC|  |TAMS 0x0000000748400000| PB 0x0000000748200000| Complete 
|  66|0x0000000748400000, 0x0000000748600000, 0x0000000748600000|100%|HC|  |TAMS 0x0000000748600000| PB 0x0000000748400000| Complete 
|  67|0x0000000748600000, 0x0000000748800000, 0x0000000748800000|100%|HS|  |TAMS 0x0000000748800000| PB 0x0000000748600000| Complete 
|  68|0x0000000748800000, 0x0000000748a00000, 0x0000000748a00000|100%|HC|  |TAMS 0x0000000748a00000| PB 0x0000000748800000| Complete 
|  69|0x0000000748a00000, 0x0000000748c00000, 0x0000000748c00000|100%|HC|  |TAMS 0x0000000748c00000| PB 0x0000000748a00000| Complete 
|  70|0x0000000748c00000, 0x0000000748e00000, 0x0000000748e00000|100%|HC|  |TAMS 0x0000000748e00000| PB 0x0000000748c00000| Complete 
|  71|0x0000000748e00000, 0x0000000749000000, 0x0000000749000000|100%|HS|  |TAMS 0x0000000749000000| PB 0x0000000748e00000| Complete 
|  72|0x0000000749000000, 0x0000000749200000, 0x0000000749200000|100%|HC|  |TAMS 0x0000000749200000| PB 0x0000000749000000| Complete 
|  73|0x0000000749200000, 0x0000000749400000, 0x0000000749400000|100%|HC|  |TAMS 0x0000000749400000| PB 0x0000000749200000| Complete 
|  74|0x0000000749400000, 0x0000000749600000, 0x0000000749600000|100%|HC|  |TAMS 0x0000000749600000| PB 0x0000000749400000| Complete 
|  75|0x0000000749600000, 0x0000000749800000, 0x0000000749800000|100%|HC|  |TAMS 0x0000000749800000| PB 0x0000000749600000| Complete 
|  76|0x0000000749800000, 0x0000000749a00000, 0x0000000749a00000|100%|HS|  |TAMS 0x0000000749a00000| PB 0x0000000749800000| Complete 
|  77|0x0000000749a00000, 0x0000000749c00000, 0x0000000749c00000|100%|HC|  |TAMS 0x0000000749c00000| PB 0x0000000749a00000| Complete 
|  78|0x0000000749c00000, 0x0000000749e00000, 0x0000000749e00000|100%|HS|  |TAMS 0x0000000749e00000| PB 0x0000000749c00000| Complete 
|  79|0x0000000749e00000, 0x000000074a000000, 0x000000074a000000|100%|HC|  |TAMS 0x000000074a000000| PB 0x0000000749e00000| Complete 
|  80|0x000000074a000000, 0x000000074a200000, 0x000000074a200000|100%|HC|  |TAMS 0x000000074a200000| PB 0x000000074a000000| Complete 
|  81|0x000000074a200000, 0x000000074a400000, 0x000000074a400000|100%|HC|  |TAMS 0x000000074a400000| PB 0x000000074a200000| Complete 
|  82|0x000000074a400000, 0x000000074a600000, 0x000000074a600000|100%|HC|  |TAMS 0x000000074a600000| PB 0x000000074a400000| Complete 
|  83|0x000000074a600000, 0x000000074a800000, 0x000000074a800000|100%|HS|  |TAMS 0x000000074a800000| PB 0x000000074a600000| Complete 
|  84|0x000000074a800000, 0x000000074aa00000, 0x000000074aa00000|100%|HC|  |TAMS 0x000000074aa00000| PB 0x000000074a800000| Complete 
|  85|0x000000074aa00000, 0x000000074ac00000, 0x000000074ac00000|100%|HS|  |TAMS 0x000000074ac00000| PB 0x000000074aa00000| Complete 
|  86|0x000000074ac00000, 0x000000074ae00000, 0x000000074ae00000|100%|HS|  |TAMS 0x000000074ae00000| PB 0x000000074ac00000| Complete 
|  87|0x000000074ae00000, 0x000000074b000000, 0x000000074b000000|100%|HC|  |TAMS 0x000000074b000000| PB 0x000000074ae00000| Complete 
|  88|0x000000074b000000, 0x000000074b200000, 0x000000074b200000|100%|HC|  |TAMS 0x000000074b200000| PB 0x000000074b000000| Complete 
|  89|0x000000074b200000, 0x000000074b400000, 0x000000074b400000|100%|HC|  |TAMS 0x000000074b400000| PB 0x000000074b200000| Complete 
|  90|0x000000074b400000, 0x000000074b600000, 0x000000074b600000|100%|HC|  |TAMS 0x000000074b600000| PB 0x000000074b400000| Complete 
|  91|0x000000074b600000, 0x000000074b800000, 0x000000074b800000|100%|HS|  |TAMS 0x000000074b800000| PB 0x000000074b600000| Complete 
|  92|0x000000074b800000, 0x000000074ba00000, 0x000000074ba00000|100%|HC|  |TAMS 0x000000074ba00000| PB 0x000000074b800000| Complete 
|  93|0x000000074ba00000, 0x000000074bc00000, 0x000000074bc00000|100%|HS|  |TAMS 0x000000074bc00000| PB 0x000000074ba00000| Complete 
|  94|0x000000074bc00000, 0x000000074be00000, 0x000000074be00000|100%|HC|  |TAMS 0x000000074be00000| PB 0x000000074bc00000| Complete 
|  95|0x000000074be00000, 0x000000074c000000, 0x000000074c000000|100%|HC|  |TAMS 0x000000074c000000| PB 0x000000074be00000| Complete 
|  96|0x000000074c000000, 0x000000074c200000, 0x000000074c200000|100%|HC|  |TAMS 0x000000074c200000| PB 0x000000074c000000| Complete 
|  97|0x000000074c200000, 0x000000074c400000, 0x000000074c400000|100%|HC|  |TAMS 0x000000074c400000| PB 0x000000074c200000| Complete 
|  98|0x000000074c400000, 0x000000074c600000, 0x000000074c600000|100%|HS|  |TAMS 0x000000074c600000| PB 0x000000074c400000| Complete 
|  99|0x000000074c600000, 0x000000074c800000, 0x000000074c800000|100%|HC|  |TAMS 0x000000074c800000| PB 0x000000074c600000| Complete 
| 100|0x000000074c800000, 0x000000074ca00000, 0x000000074ca00000|100%|HS|  |TAMS 0x000000074ca00000| PB 0x000000074c800000| Complete 
| 101|0x000000074ca00000, 0x000000074cc00000, 0x000000074cc00000|100%|HS|  |TAMS 0x000000074cc00000| PB 0x000000074ca00000| Complete 
| 102|0x000000074cc00000, 0x000000074ce00000, 0x000000074ce00000|100%|HC|  |TAMS 0x000000074ce00000| PB 0x000000074cc00000| Complete 
| 103|0x000000074ce00000, 0x000000074d000000, 0x000000074d000000|100%|HC|  |TAMS 0x000000074d000000| PB 0x000000074ce00000| Complete 
| 104|0x000000074d000000, 0x000000074d200000, 0x000000074d200000|100%|HC|  |TAMS 0x000000074d200000| PB 0x000000074d000000| Complete 
| 105|0x000000074d200000, 0x000000074d400000, 0x000000074d400000|100%|HC|  |TAMS 0x000000074d400000| PB 0x000000074d200000| Complete 
| 106|0x000000074d400000, 0x000000074d600000, 0x000000074d600000|100%|HS|  |TAMS 0x000000074d600000| PB 0x000000074d400000| Complete 
| 107|0x000000074d600000, 0x000000074d800000, 0x000000074d800000|100%|HC|  |TAMS 0x000000074d800000| PB 0x000000074d600000| Complete 
| 108|0x000000074d800000, 0x000000074da00000, 0x000000074da00000|100%|HC|  |TAMS 0x000000074da00000| PB 0x000000074d800000| Complete 
| 109|0x000000074da00000, 0x000000074dc00000, 0x000000074dc00000|100%|HC|  |TAMS 0x000000074dc00000| PB 0x000000074da00000| Complete 
| 110|0x000000074dc00000, 0x000000074de00000, 0x000000074de00000|100%| O|  |TAMS 0x000000074de00000| PB 0x000000074de00000| Untracked 
| 111|0x000000074de00000, 0x000000074e000000, 0x000000074e000000|100%|HS|  |TAMS 0x000000074e000000| PB 0x000000074de00000| Complete 
| 112|0x000000074e000000, 0x000000074e200000, 0x000000074e200000|100%| O|  |TAMS 0x000000074e200000| PB 0x000000074e200000| Untracked 
| 113|0x000000074e200000, 0x000000074e400000, 0x000000074e400000|100%|HS|  |TAMS 0x000000074e400000| PB 0x000000074e200000| Complete 
| 114|0x000000074e400000, 0x000000074e600000, 0x000000074e600000|100%| O|  |TAMS 0x000000074e600000| PB 0x000000074e600000| Untracked 
| 115|0x000000074e600000, 0x000000074e800000, 0x000000074e800000|100%| O|  |TAMS 0x000000074e800000| PB 0x000000074e800000| Untracked 
| 116|0x000000074e800000, 0x000000074ea00000, 0x000000074ea00000|100%| O|  |TAMS 0x000000074ea00000| PB 0x000000074ea00000| Untracked 
| 117|0x000000074ea00000, 0x000000074ec00000, 0x000000074ec00000|100%| O|  |TAMS 0x000000074ec00000| PB 0x000000074ec00000| Untracked 
| 118|0x000000074ec00000, 0x000000074ee00000, 0x000000074ee00000|100%| O|  |TAMS 0x000000074ee00000| PB 0x000000074ee00000| Untracked 
| 119|0x000000074ee00000, 0x000000074f000000, 0x000000074f000000|100%| O|  |TAMS 0x000000074f000000| PB 0x000000074f000000| Untracked 
| 120|0x000000074f000000, 0x000000074f200000, 0x000000074f200000|100%| O|  |TAMS 0x000000074f200000| PB 0x000000074f200000| Untracked 
| 121|0x000000074f200000, 0x000000074f400000, 0x000000074f400000|100%| O|  |TAMS 0x000000074f400000| PB 0x000000074f400000| Untracked 
| 122|0x000000074f400000, 0x000000074f600000, 0x000000074f600000|100%| O|  |TAMS 0x000000074f600000| PB 0x000000074f600000| Untracked 
| 123|0x000000074f600000, 0x000000074f800000, 0x000000074f800000|100%| O|  |TAMS 0x000000074f800000| PB 0x000000074f800000| Untracked 
| 124|0x000000074f800000, 0x000000074fa00000, 0x000000074fa00000|100%| O|  |TAMS 0x000000074fa00000| PB 0x000000074fa00000| Untracked 
| 125|0x000000074fa00000, 0x000000074fc00000, 0x000000074fc00000|100%| O|  |TAMS 0x000000074fc00000| PB 0x000000074fc00000| Untracked 
| 126|0x000000074fc00000, 0x000000074fe00000, 0x000000074fe00000|100%| O|  |TAMS 0x000000074fe00000| PB 0x000000074fe00000| Untracked 
| 127|0x000000074fe00000, 0x0000000750000000, 0x0000000750000000|100%| O|  |TAMS 0x0000000750000000| PB 0x0000000750000000| Untracked 
| 128|0x0000000750000000, 0x0000000750200000, 0x0000000750200000|100%| O|  |TAMS 0x0000000750200000| PB 0x0000000750200000| Untracked 
| 129|0x0000000750200000, 0x0000000750400000, 0x0000000750400000|100%| O|  |TAMS 0x0000000750400000| PB 0x0000000750400000| Untracked 
| 130|0x0000000750400000, 0x0000000750600000, 0x0000000750600000|100%| O|  |TAMS 0x0000000750600000| PB 0x0000000750600000| Untracked 
| 131|0x0000000750600000, 0x0000000750800000, 0x0000000750800000|100%| O|  |TAMS 0x0000000750800000| PB 0x0000000750800000| Untracked 
| 132|0x0000000750800000, 0x0000000750a00000, 0x0000000750a00000|100%| O|  |TAMS 0x0000000750a00000| PB 0x0000000750a00000| Untracked 
| 133|0x0000000750a00000, 0x0000000750c00000, 0x0000000750c00000|100%| O|  |TAMS 0x0000000750c00000| PB 0x0000000750c00000| Untracked 
| 134|0x0000000750c00000, 0x0000000750e00000, 0x0000000750e00000|100%| O|  |TAMS 0x0000000750e00000| PB 0x0000000750e00000| Untracked 
| 135|0x0000000750e00000, 0x0000000751000000, 0x0000000751000000|100%| O|  |TAMS 0x0000000751000000| PB 0x0000000751000000| Untracked 
| 136|0x0000000751000000, 0x0000000751200000, 0x0000000751200000|100%| O|  |TAMS 0x0000000751200000| PB 0x0000000751200000| Untracked 
| 137|0x0000000751200000, 0x0000000751400000, 0x0000000751400000|100%| O|  |TAMS 0x0000000751400000| PB 0x0000000751400000| Untracked 
| 138|0x0000000751400000, 0x0000000751600000, 0x0000000751600000|100%| O|  |TAMS 0x0000000751600000| PB 0x0000000751600000| Untracked 
| 139|0x0000000751600000, 0x0000000751800000, 0x0000000751800000|100%| O|  |TAMS 0x0000000751800000| PB 0x0000000751800000| Untracked 
| 140|0x0000000751800000, 0x0000000751a00000, 0x0000000751a00000|100%| O|  |TAMS 0x0000000751a00000| PB 0x0000000751a00000| Untracked 
| 141|0x0000000751a00000, 0x0000000751c00000, 0x0000000751c00000|100%| O|  |TAMS 0x0000000751c00000| PB 0x0000000751c00000| Untracked 
| 142|0x0000000751c00000, 0x0000000751e00000, 0x0000000751e00000|100%| O|  |TAMS 0x0000000751e00000| PB 0x0000000751e00000| Untracked 
| 143|0x0000000751e00000, 0x0000000752000000, 0x0000000752000000|100%| O|  |TAMS 0x0000000752000000| PB 0x0000000752000000| Untracked 
| 144|0x0000000752000000, 0x0000000752200000, 0x0000000752200000|100%| O|  |TAMS 0x0000000752200000| PB 0x0000000752200000| Untracked 
| 145|0x0000000752200000, 0x0000000752400000, 0x0000000752400000|100%| O|  |TAMS 0x0000000752400000| PB 0x0000000752400000| Untracked 
| 146|0x0000000752400000, 0x0000000752600000, 0x0000000752600000|100%| O|  |TAMS 0x0000000752600000| PB 0x0000000752600000| Untracked 
| 147|0x0000000752600000, 0x0000000752800000, 0x0000000752800000|100%| O|  |TAMS 0x0000000752800000| PB 0x0000000752800000| Untracked 
| 148|0x0000000752800000, 0x0000000752a00000, 0x0000000752a00000|100%| O|  |TAMS 0x0000000752a00000| PB 0x0000000752a00000| Untracked 
| 149|0x0000000752a00000, 0x0000000752c00000, 0x0000000752c00000|100%| O|  |TAMS 0x0000000752c00000| PB 0x0000000752c00000| Untracked 
| 150|0x0000000752c00000, 0x0000000752e00000, 0x0000000752e00000|100%| O|  |TAMS 0x0000000752e00000| PB 0x0000000752e00000| Untracked 
| 151|0x0000000752e00000, 0x0000000753000000, 0x0000000753000000|100%| O|  |TAMS 0x0000000753000000| PB 0x0000000753000000| Untracked 
| 152|0x0000000753000000, 0x0000000753200000, 0x0000000753200000|100%| O|  |TAMS 0x0000000753200000| PB 0x0000000753200000| Updating 
| 153|0x0000000753200000, 0x0000000753400000, 0x0000000753400000|100%| O|  |TAMS 0x0000000753400000| PB 0x0000000753400000| Untracked 
| 154|0x0000000753400000, 0x0000000753600000, 0x0000000753600000|100%| O|  |TAMS 0x0000000753600000| PB 0x0000000753600000| Untracked 
| 155|0x0000000753600000, 0x0000000753800000, 0x0000000753800000|100%| O|  |TAMS 0x0000000753800000| PB 0x0000000753800000| Untracked 
| 156|0x0000000753800000, 0x0000000753a00000, 0x0000000753a00000|100%| O|  |TAMS 0x0000000753a00000| PB 0x0000000753a00000| Updating 
| 157|0x0000000753a00000, 0x0000000753c00000, 0x0000000753c00000|100%| O|  |TAMS 0x0000000753c00000| PB 0x0000000753c00000| Untracked 
| 158|0x0000000753c00000, 0x0000000753e00000, 0x0000000753e00000|100%| O|  |TAMS 0x0000000753e00000| PB 0x0000000753e00000| Updating 
| 159|0x0000000753e00000, 0x0000000754000000, 0x0000000754000000|100%| O|  |TAMS 0x0000000754000000| PB 0x0000000754000000| Untracked 
| 160|0x0000000754000000, 0x0000000754200000, 0x0000000754200000|100%| O|  |TAMS 0x0000000754200000| PB 0x0000000754200000| Updating 
| 161|0x0000000754200000, 0x0000000754400000, 0x0000000754400000|100%| O|  |TAMS 0x0000000754400000| PB 0x0000000754400000| Untracked 
| 162|0x0000000754400000, 0x0000000754600000, 0x0000000754600000|100%| O|  |TAMS 0x0000000754600000| PB 0x0000000754600000| Untracked 
| 163|0x0000000754600000, 0x0000000754800000, 0x0000000754800000|100%| O|  |TAMS 0x0000000754800000| PB 0x0000000754800000| Untracked 
| 164|0x0000000754800000, 0x0000000754a00000, 0x0000000754a00000|100%| O|  |TAMS 0x0000000754a00000| PB 0x0000000754a00000| Untracked 
| 165|0x0000000754a00000, 0x0000000754c00000, 0x0000000754c00000|100%| O|  |TAMS 0x0000000754c00000| PB 0x0000000754c00000| Untracked 
| 166|0x0000000754c00000, 0x0000000754e00000, 0x0000000754e00000|100%| O|  |TAMS 0x0000000754e00000| PB 0x0000000754e00000| Untracked 
| 167|0x0000000754e00000, 0x0000000755000000, 0x0000000755000000|100%| O|  |TAMS 0x0000000755000000| PB 0x0000000755000000| Untracked 
| 168|0x0000000755000000, 0x0000000755200000, 0x0000000755200000|100%| O|  |TAMS 0x0000000755200000| PB 0x0000000755200000| Untracked 
| 169|0x0000000755200000, 0x0000000755400000, 0x0000000755400000|100%| O|  |TAMS 0x0000000755400000| PB 0x0000000755400000| Untracked 
| 170|0x0000000755400000, 0x0000000755600000, 0x0000000755600000|100%| O|  |TAMS 0x0000000755600000| PB 0x0000000755600000| Untracked 
| 171|0x0000000755600000, 0x0000000755800000, 0x0000000755800000|100%| O|  |TAMS 0x0000000755800000| PB 0x0000000755800000| Untracked 
| 172|0x0000000755800000, 0x0000000755a00000, 0x0000000755a00000|100%| O|  |TAMS 0x0000000755a00000| PB 0x0000000755a00000| Untracked 
| 173|0x0000000755a00000, 0x0000000755c00000, 0x0000000755c00000|100%| O|  |TAMS 0x0000000755c00000| PB 0x0000000755c00000| Untracked 
| 174|0x0000000755c00000, 0x0000000755e00000, 0x0000000755e00000|100%| O|  |TAMS 0x0000000755e00000| PB 0x0000000755e00000| Untracked 
| 175|0x0000000755e00000, 0x0000000756000000, 0x0000000756000000|100%| O|  |TAMS 0x0000000756000000| PB 0x0000000756000000| Untracked 
| 176|0x0000000756000000, 0x0000000756200000, 0x0000000756200000|100%| O|  |TAMS 0x0000000756200000| PB 0x0000000756200000| Untracked 
| 177|0x0000000756200000, 0x0000000756400000, 0x0000000756400000|100%| O|  |TAMS 0x0000000756400000| PB 0x0000000756400000| Untracked 
| 178|0x0000000756400000, 0x0000000756600000, 0x0000000756600000|100%| O|  |TAMS 0x0000000756600000| PB 0x0000000756600000| Untracked 
| 179|0x0000000756600000, 0x0000000756800000, 0x0000000756800000|100%| O|  |TAMS 0x0000000756800000| PB 0x0000000756800000| Untracked 
| 180|0x0000000756800000, 0x0000000756a00000, 0x0000000756a00000|100%| O|  |TAMS 0x0000000756a00000| PB 0x0000000756a00000| Untracked 
| 181|0x0000000756a00000, 0x0000000756c00000, 0x0000000756c00000|100%| O|  |TAMS 0x0000000756c00000| PB 0x0000000756c00000| Untracked 
| 182|0x0000000756c00000, 0x0000000756e00000, 0x0000000756e00000|100%| O|  |TAMS 0x0000000756e00000| PB 0x0000000756e00000| Updating 
| 183|0x0000000756e00000, 0x0000000757000000, 0x0000000757000000|100%| O|  |TAMS 0x0000000757000000| PB 0x0000000757000000| Untracked 
| 184|0x0000000757000000, 0x0000000757200000, 0x0000000757200000|100%| O|  |TAMS 0x0000000757200000| PB 0x0000000757200000| Untracked 
| 185|0x0000000757200000, 0x0000000757400000, 0x0000000757400000|100%| O|  |TAMS 0x0000000757400000| PB 0x0000000757400000| Updating 
| 186|0x0000000757400000, 0x0000000757600000, 0x0000000757600000|100%| O|  |TAMS 0x0000000757600000| PB 0x0000000757600000| Updating 
| 187|0x0000000757600000, 0x0000000757800000, 0x0000000757800000|100%| O|  |TAMS 0x0000000757800000| PB 0x0000000757800000| Untracked 
| 188|0x0000000757800000, 0x0000000757a00000, 0x0000000757a00000|100%| O|  |TAMS 0x0000000757a00000| PB 0x0000000757a00000| Untracked 
| 189|0x0000000757a00000, 0x0000000757c00000, 0x0000000757c00000|100%| O|  |TAMS 0x0000000757c00000| PB 0x0000000757c00000| Untracked 
| 190|0x0000000757c00000, 0x0000000757e00000, 0x0000000757e00000|100%| O|  |TAMS 0x0000000757e00000| PB 0x0000000757e00000| Untracked 
| 191|0x0000000757e00000, 0x0000000758000000, 0x0000000758000000|100%| O|  |TAMS 0x0000000758000000| PB 0x0000000758000000| Untracked 
| 192|0x0000000758000000, 0x0000000758200000, 0x0000000758200000|100%| O|  |TAMS 0x0000000758200000| PB 0x0000000758200000| Untracked 
| 193|0x0000000758200000, 0x0000000758400000, 0x0000000758400000|100%| O|  |TAMS 0x0000000758400000| PB 0x0000000758400000| Untracked 
| 194|0x0000000758400000, 0x0000000758600000, 0x0000000758600000|100%| O|  |TAMS 0x0000000758600000| PB 0x0000000758600000| Untracked 
| 195|0x0000000758600000, 0x0000000758800000, 0x0000000758800000|100%| O|  |TAMS 0x0000000758800000| PB 0x0000000758800000| Untracked 
| 196|0x0000000758800000, 0x0000000758a00000, 0x0000000758a00000|100%| O|  |TAMS 0x0000000758a00000| PB 0x0000000758a00000| Updating 
| 197|0x0000000758a00000, 0x0000000758c00000, 0x0000000758c00000|100%| O|  |TAMS 0x0000000758c00000| PB 0x0000000758c00000| Updating 
| 198|0x0000000758c00000, 0x0000000758e00000, 0x0000000758e00000|100%| O|  |TAMS 0x0000000758e00000| PB 0x0000000758e00000| Untracked 
| 199|0x0000000758e00000, 0x0000000759000000, 0x0000000759000000|100%| O|  |TAMS 0x0000000759000000| PB 0x0000000759000000| Untracked 
| 200|0x0000000759000000, 0x0000000759200000, 0x0000000759200000|100%| O|  |TAMS 0x0000000759200000| PB 0x0000000759200000| Updating 
| 201|0x0000000759200000, 0x0000000759400000, 0x0000000759400000|100%| O|  |TAMS 0x0000000759400000| PB 0x0000000759400000| Untracked 
| 202|0x0000000759400000, 0x0000000759600000, 0x0000000759600000|100%| O|  |TAMS 0x0000000759600000| PB 0x0000000759600000| Untracked 
| 203|0x0000000759600000, 0x0000000759800000, 0x0000000759800000|100%| O|  |TAMS 0x0000000759800000| PB 0x0000000759800000| Untracked 
| 204|0x0000000759800000, 0x0000000759a00000, 0x0000000759a00000|100%| O|  |TAMS 0x0000000759a00000| PB 0x0000000759a00000| Untracked 
| 205|0x0000000759a00000, 0x0000000759c00000, 0x0000000759c00000|100%| O|  |TAMS 0x0000000759c00000| PB 0x0000000759c00000| Untracked 
| 206|0x0000000759c00000, 0x0000000759e00000, 0x0000000759e00000|100%| O|  |TAMS 0x0000000759e00000| PB 0x0000000759e00000| Untracked 
| 207|0x0000000759e00000, 0x000000075a000000, 0x000000075a000000|100%| O|  |TAMS 0x000000075a000000| PB 0x000000075a000000| Untracked 
| 208|0x000000075a000000, 0x000000075a200000, 0x000000075a200000|100%| O|  |TAMS 0x000000075a200000| PB 0x000000075a200000| Untracked 
| 209|0x000000075a200000, 0x000000075a400000, 0x000000075a400000|100%| O|  |TAMS 0x000000075a400000| PB 0x000000075a400000| Untracked 
| 210|0x000000075a400000, 0x000000075a600000, 0x000000075a600000|100%| O|  |TAMS 0x000000075a600000| PB 0x000000075a600000| Untracked 
| 211|0x000000075a600000, 0x000000075a800000, 0x000000075a800000|100%| O|  |TAMS 0x000000075a800000| PB 0x000000075a800000| Untracked 
| 212|0x000000075a800000, 0x000000075aa00000, 0x000000075aa00000|100%| O|  |TAMS 0x000000075aa00000| PB 0x000000075aa00000| Untracked 
| 213|0x000000075aa00000, 0x000000075ac00000, 0x000000075ac00000|100%| O|  |TAMS 0x000000075ac00000| PB 0x000000075ac00000| Untracked 
| 214|0x000000075ac00000, 0x000000075ae00000, 0x000000075ae00000|100%| O|  |TAMS 0x000000075ae00000| PB 0x000000075ae00000| Untracked 
| 215|0x000000075ae00000, 0x000000075b000000, 0x000000075b000000|100%| O|  |TAMS 0x000000075b000000| PB 0x000000075b000000| Updating 
| 216|0x000000075b000000, 0x000000075b200000, 0x000000075b200000|100%| O|  |TAMS 0x000000075b200000| PB 0x000000075b200000| Untracked 
| 217|0x000000075b200000, 0x000000075b400000, 0x000000075b400000|100%| O|  |TAMS 0x000000075b400000| PB 0x000000075b400000| Untracked 
| 218|0x000000075b400000, 0x000000075b600000, 0x000000075b600000|100%| O|  |TAMS 0x000000075b600000| PB 0x000000075b600000| Updating 
| 219|0x000000075b600000, 0x000000075b800000, 0x000000075b800000|100%| O|  |TAMS 0x000000075b800000| PB 0x000000075b800000| Updating 
| 220|0x000000075b800000, 0x000000075ba00000, 0x000000075ba00000|100%| O|  |TAMS 0x000000075ba00000| PB 0x000000075ba00000| Updating 
| 221|0x000000075ba00000, 0x000000075bc00000, 0x000000075bc00000|100%| O|  |TAMS 0x000000075bc00000| PB 0x000000075bc00000| Updating 
| 222|0x000000075bc00000, 0x000000075be00000, 0x000000075be00000|100%| O|  |TAMS 0x000000075be00000| PB 0x000000075be00000| Updating 
| 223|0x000000075be00000, 0x000000075c000000, 0x000000075c000000|100%| O|  |TAMS 0x000000075c000000| PB 0x000000075c000000| Untracked 
| 224|0x000000075c000000, 0x000000075c200000, 0x000000075c200000|100%| O|  |TAMS 0x000000075c200000| PB 0x000000075c200000| Untracked 
| 225|0x000000075c200000, 0x000000075c400000, 0x000000075c400000|100%| O|  |TAMS 0x000000075c400000| PB 0x000000075c400000| Untracked 
| 226|0x000000075c400000, 0x000000075c600000, 0x000000075c600000|100%| O|  |TAMS 0x000000075c600000| PB 0x000000075c600000| Untracked 
| 227|0x000000075c600000, 0x000000075c800000, 0x000000075c800000|100%| O|  |TAMS 0x000000075c800000| PB 0x000000075c800000| Untracked 
| 228|0x000000075c800000, 0x000000075ca00000, 0x000000075ca00000|100%| O|  |TAMS 0x000000075ca00000| PB 0x000000075ca00000| Untracked 
| 229|0x000000075ca00000, 0x000000075cc00000, 0x000000075cc00000|100%| O|  |TAMS 0x000000075cc00000| PB 0x000000075cc00000| Untracked 
| 230|0x000000075cc00000, 0x000000075ce00000, 0x000000075ce00000|100%| O|  |TAMS 0x000000075ce00000| PB 0x000000075ce00000| Untracked 
| 231|0x000000075ce00000, 0x000000075d000000, 0x000000075d000000|100%| O|  |TAMS 0x000000075d000000| PB 0x000000075d000000| Untracked 
| 232|0x000000075d000000, 0x000000075d200000, 0x000000075d200000|100%| O|  |TAMS 0x000000075d200000| PB 0x000000075d200000| Untracked 
| 233|0x000000075d200000, 0x000000075d400000, 0x000000075d400000|100%| O|  |TAMS 0x000000075d400000| PB 0x000000075d400000| Untracked 
| 234|0x000000075d400000, 0x000000075d600000, 0x000000075d600000|100%| O|  |TAMS 0x000000075d600000| PB 0x000000075d600000| Untracked 
| 235|0x000000075d600000, 0x000000075d800000, 0x000000075d800000|100%| O|  |TAMS 0x000000075d800000| PB 0x000000075d800000| Untracked 
| 236|0x000000075d800000, 0x000000075da00000, 0x000000075da00000|100%| O|  |TAMS 0x000000075da00000| PB 0x000000075da00000| Untracked 
| 237|0x000000075da00000, 0x000000075dc00000, 0x000000075dc00000|100%| O|  |TAMS 0x000000075dc00000| PB 0x000000075dc00000| Untracked 
| 238|0x000000075dc00000, 0x000000075de00000, 0x000000075de00000|100%| O|  |TAMS 0x000000075de00000| PB 0x000000075de00000| Updating 
| 239|0x000000075de00000, 0x000000075e000000, 0x000000075e000000|100%| O|  |TAMS 0x000000075e000000| PB 0x000000075e000000| Untracked 
| 240|0x000000075e000000, 0x000000075e200000, 0x000000075e200000|100%| O|  |TAMS 0x000000075e000000| PB 0x000000075e000000| Untracked 
| 241|0x000000075e200000, 0x000000075e400000, 0x000000075e400000|100%| O|  |TAMS 0x000000075e400000| PB 0x000000075e400000| Untracked 
| 242|0x000000075e400000, 0x000000075e600000, 0x000000075e600000|100%| O|  |TAMS 0x000000075e600000| PB 0x000000075e600000| Untracked 
| 243|0x000000075e600000, 0x000000075e800000, 0x000000075e800000|100%| O|  |TAMS 0x000000075e800000| PB 0x000000075e800000| Untracked 
| 244|0x000000075e800000, 0x000000075ea00000, 0x000000075ea00000|100%| O|  |TAMS 0x000000075ea00000| PB 0x000000075ea00000| Updating 
| 245|0x000000075ea00000, 0x000000075ec00000, 0x000000075ec00000|100%| O|  |TAMS 0x000000075ec00000| PB 0x000000075ec00000| Updating 
| 246|0x000000075ec00000, 0x000000075ee00000, 0x000000075ee00000|100%| O|  |TAMS 0x000000075ee00000| PB 0x000000075ee00000| Untracked 
| 247|0x000000075ee00000, 0x000000075f000000, 0x000000075f000000|100%| O|  |TAMS 0x000000075f000000| PB 0x000000075f000000| Untracked 
| 248|0x000000075f000000, 0x000000075f200000, 0x000000075f200000|100%| O|  |TAMS 0x000000075f200000| PB 0x000000075f200000| Untracked 
| 249|0x000000075f200000, 0x000000075f400000, 0x000000075f400000|100%| O|  |TAMS 0x000000075f400000| PB 0x000000075f400000| Untracked 
| 250|0x000000075f400000, 0x000000075f600000, 0x000000075f600000|100%| O|  |TAMS 0x000000075f600000| PB 0x000000075f600000| Untracked 
| 251|0x000000075f600000, 0x000000075f800000, 0x000000075f800000|100%| O|  |TAMS 0x000000075f800000| PB 0x000000075f800000| Untracked 
| 252|0x000000075f800000, 0x000000075fa00000, 0x000000075fa00000|100%| O|  |TAMS 0x000000075fa00000| PB 0x000000075fa00000| Untracked 
| 253|0x000000075fa00000, 0x000000075fc00000, 0x000000075fc00000|100%| O|  |TAMS 0x000000075fc00000| PB 0x000000075fc00000| Untracked 
| 254|0x000000075fc00000, 0x000000075fe00000, 0x000000075fe00000|100%| O|  |TAMS 0x000000075fe00000| PB 0x000000075fe00000| Untracked 
| 255|0x000000075fe00000, 0x0000000760000000, 0x0000000760000000|100%| O|  |TAMS 0x0000000760000000| PB 0x0000000760000000| Untracked 
| 256|0x0000000760000000, 0x0000000760200000, 0x0000000760200000|100%| O|  |TAMS 0x0000000760200000| PB 0x0000000760200000| Untracked 
| 257|0x0000000760200000, 0x0000000760400000, 0x0000000760400000|100%| O|  |TAMS 0x0000000760400000| PB 0x0000000760400000| Untracked 
| 258|0x0000000760400000, 0x0000000760600000, 0x0000000760600000|100%| O|  |TAMS 0x0000000760600000| PB 0x0000000760600000| Untracked 
| 259|0x0000000760600000, 0x0000000760800000, 0x0000000760800000|100%| O|  |TAMS 0x0000000760800000| PB 0x0000000760800000| Untracked 
| 260|0x0000000760800000, 0x0000000760a00000, 0x0000000760a00000|100%| O|  |TAMS 0x0000000760a00000| PB 0x0000000760a00000| Untracked 
| 261|0x0000000760a00000, 0x0000000760c00000, 0x0000000760c00000|100%| O|  |TAMS 0x0000000760c00000| PB 0x0000000760c00000| Untracked 
| 262|0x0000000760c00000, 0x0000000760e00000, 0x0000000760e00000|100%| O|  |TAMS 0x0000000760e00000| PB 0x0000000760e00000| Untracked 
| 263|0x0000000760e00000, 0x0000000761000000, 0x0000000761000000|100%| O|  |TAMS 0x0000000761000000| PB 0x0000000761000000| Untracked 
| 264|0x0000000761000000, 0x0000000761200000, 0x0000000761200000|100%| O|  |TAMS 0x0000000761200000| PB 0x0000000761200000| Untracked 
| 265|0x0000000761200000, 0x0000000761400000, 0x0000000761400000|100%| O|  |TAMS 0x0000000761400000| PB 0x0000000761400000| Untracked 
| 266|0x0000000761400000, 0x0000000761600000, 0x0000000761600000|100%| O|  |TAMS 0x0000000761600000| PB 0x0000000761600000| Untracked 
| 267|0x0000000761600000, 0x0000000761800000, 0x0000000761800000|100%| O|  |TAMS 0x0000000761800000| PB 0x0000000761800000| Untracked 
| 268|0x0000000761800000, 0x0000000761a00000, 0x0000000761a00000|100%| O|  |TAMS 0x0000000761a00000| PB 0x0000000761a00000| Untracked 
| 269|0x0000000761a00000, 0x0000000761c00000, 0x0000000761c00000|100%| O|  |TAMS 0x0000000761c00000| PB 0x0000000761c00000| Untracked 
| 270|0x0000000761c00000, 0x0000000761e00000, 0x0000000761e00000|100%| O|  |TAMS 0x0000000761e00000| PB 0x0000000761e00000| Untracked 
| 271|0x0000000761e00000, 0x0000000762000000, 0x0000000762000000|100%| O|  |TAMS 0x0000000762000000| PB 0x0000000762000000| Untracked 
| 272|0x0000000762000000, 0x0000000762200000, 0x0000000762200000|100%| O|  |TAMS 0x0000000762200000| PB 0x0000000762200000| Untracked 
| 273|0x0000000762200000, 0x0000000762400000, 0x0000000762400000|100%| O|  |TAMS 0x0000000762400000| PB 0x0000000762400000| Untracked 
| 274|0x0000000762400000, 0x0000000762600000, 0x0000000762600000|100%| O|  |TAMS 0x0000000762600000| PB 0x0000000762600000| Untracked 
| 275|0x0000000762600000, 0x0000000762800000, 0x0000000762800000|100%| O|  |TAMS 0x0000000762800000| PB 0x0000000762800000| Untracked 
| 276|0x0000000762800000, 0x0000000762a00000, 0x0000000762a00000|100%| O|  |TAMS 0x0000000762a00000| PB 0x0000000762a00000| Untracked 
| 277|0x0000000762a00000, 0x0000000762c00000, 0x0000000762c00000|100%| O|  |TAMS 0x0000000762c00000| PB 0x0000000762c00000| Untracked 
| 278|0x0000000762c00000, 0x0000000762e00000, 0x0000000762e00000|100%| O|  |TAMS 0x0000000762e00000| PB 0x0000000762e00000| Untracked 
| 279|0x0000000762e00000, 0x0000000763000000, 0x0000000763000000|100%| O|  |TAMS 0x0000000763000000| PB 0x0000000763000000| Updating 
| 280|0x0000000763000000, 0x0000000763200000, 0x0000000763200000|100%| O|  |TAMS 0x0000000763200000| PB 0x0000000763200000| Untracked 
| 281|0x0000000763200000, 0x0000000763400000, 0x0000000763400000|100%| O|  |TAMS 0x0000000763400000| PB 0x0000000763400000| Updating 
| 282|0x0000000763400000, 0x0000000763600000, 0x0000000763600000|100%| O|  |TAMS 0x0000000763600000| PB 0x0000000763600000| Untracked 
| 283|0x0000000763600000, 0x0000000763800000, 0x0000000763800000|100%| O|  |TAMS 0x0000000763800000| PB 0x0000000763800000| Untracked 
| 284|0x0000000763800000, 0x0000000763a00000, 0x0000000763a00000|100%| O|  |TAMS 0x0000000763a00000| PB 0x0000000763a00000| Untracked 
| 285|0x0000000763a00000, 0x0000000763c00000, 0x0000000763c00000|100%| O|  |TAMS 0x0000000763a00000| PB 0x0000000763a00000| Untracked 
| 286|0x0000000763c00000, 0x0000000763e00000, 0x0000000763e00000|100%| O|  |TAMS 0x0000000763e00000| PB 0x0000000763e00000| Untracked 
| 287|0x0000000763e00000, 0x0000000764000000, 0x0000000764000000|100%| O|  |TAMS 0x0000000764000000| PB 0x0000000764000000| Untracked 
| 288|0x0000000764000000, 0x0000000764200000, 0x0000000764200000|100%| O|  |TAMS 0x0000000764200000| PB 0x0000000764200000| Untracked 
| 289|0x0000000764200000, 0x0000000764400000, 0x0000000764400000|100%| O|  |TAMS 0x0000000764400000| PB 0x0000000764400000| Untracked 
| 290|0x0000000764400000, 0x0000000764600000, 0x0000000764600000|100%| O|  |TAMS 0x0000000764600000| PB 0x0000000764600000| Untracked 
| 291|0x0000000764600000, 0x0000000764800000, 0x0000000764800000|100%| O|  |TAMS 0x0000000764800000| PB 0x0000000764800000| Untracked 
| 292|0x0000000764800000, 0x0000000764a00000, 0x0000000764a00000|100%| O|  |TAMS 0x0000000764a00000| PB 0x0000000764a00000| Untracked 
| 293|0x0000000764a00000, 0x0000000764c00000, 0x0000000764c00000|100%| O|  |TAMS 0x0000000764c00000| PB 0x0000000764c00000| Untracked 
| 294|0x0000000764c00000, 0x0000000764e00000, 0x0000000764e00000|100%| O|  |TAMS 0x0000000764e00000| PB 0x0000000764e00000| Untracked 
| 295|0x0000000764e00000, 0x0000000765000000, 0x0000000765000000|100%| O|  |TAMS 0x0000000765000000| PB 0x0000000765000000| Untracked 
| 296|0x0000000765000000, 0x0000000765200000, 0x0000000765200000|100%| O|  |TAMS 0x0000000765200000| PB 0x0000000765200000| Untracked 
| 297|0x0000000765200000, 0x0000000765400000, 0x0000000765400000|100%| O|  |TAMS 0x0000000765400000| PB 0x0000000765400000| Untracked 
| 298|0x0000000765400000, 0x0000000765600000, 0x0000000765600000|100%| O|  |TAMS 0x0000000765600000| PB 0x0000000765600000| Untracked 
| 299|0x0000000765600000, 0x0000000765800000, 0x0000000765800000|100%| O|  |TAMS 0x0000000765800000| PB 0x0000000765800000| Untracked 
| 300|0x0000000765800000, 0x0000000765a00000, 0x0000000765a00000|100%| O|  |TAMS 0x0000000765a00000| PB 0x0000000765a00000| Untracked 
| 301|0x0000000765a00000, 0x0000000765c00000, 0x0000000765c00000|100%| O|  |TAMS 0x0000000765c00000| PB 0x0000000765c00000| Untracked 
| 302|0x0000000765c00000, 0x0000000765e00000, 0x0000000765e00000|100%| O|  |TAMS 0x0000000765e00000| PB 0x0000000765e00000| Untracked 
| 303|0x0000000765e00000, 0x0000000766000000, 0x0000000766000000|100%| O|  |TAMS 0x0000000766000000| PB 0x0000000766000000| Untracked 
| 304|0x0000000766000000, 0x0000000766200000, 0x0000000766200000|100%| O|  |TAMS 0x0000000766200000| PB 0x0000000766200000| Untracked 
| 305|0x0000000766200000, 0x0000000766400000, 0x0000000766400000|100%| O|  |TAMS 0x0000000766400000| PB 0x0000000766400000| Untracked 
| 306|0x0000000766400000, 0x0000000766600000, 0x0000000766600000|100%| O|  |TAMS 0x0000000766600000| PB 0x0000000766600000| Untracked 
| 307|0x0000000766600000, 0x0000000766800000, 0x0000000766800000|100%| O|  |TAMS 0x0000000766800000| PB 0x0000000766800000| Untracked 
| 308|0x0000000766800000, 0x0000000766a00000, 0x0000000766a00000|100%| O|  |TAMS 0x0000000766a00000| PB 0x0000000766a00000| Untracked 
| 309|0x0000000766a00000, 0x0000000766c00000, 0x0000000766c00000|100%| O|  |TAMS 0x0000000766c00000| PB 0x0000000766c00000| Untracked 
| 310|0x0000000766c00000, 0x0000000766e00000, 0x0000000766e00000|100%| O|  |TAMS 0x0000000766c00000| PB 0x0000000766c00000| Untracked 
| 311|0x0000000766e00000, 0x0000000767000000, 0x0000000767000000|100%| O|  |TAMS 0x0000000767000000| PB 0x0000000767000000| Untracked 
| 312|0x0000000767000000, 0x0000000767200000, 0x0000000767200000|100%| O|  |TAMS 0x0000000767200000| PB 0x0000000767200000| Updating 
| 313|0x0000000767200000, 0x0000000767400000, 0x0000000767400000|100%| O|  |TAMS 0x0000000767400000| PB 0x0000000767400000| Updating 
| 314|0x0000000767400000, 0x0000000767600000, 0x0000000767600000|100%| O|  |TAMS 0x0000000767600000| PB 0x0000000767600000| Updating 
| 315|0x0000000767600000, 0x0000000767800000, 0x0000000767800000|100%| O|  |TAMS 0x0000000767800000| PB 0x0000000767800000| Updating 
| 316|0x0000000767800000, 0x0000000767a00000, 0x0000000767a00000|100%| O|  |TAMS 0x0000000767a00000| PB 0x0000000767a00000| Untracked 
| 317|0x0000000767a00000, 0x0000000767c00000, 0x0000000767c00000|100%| O|  |TAMS 0x0000000767c00000| PB 0x0000000767c00000| Untracked 
| 318|0x0000000767c00000, 0x0000000767e00000, 0x0000000767e00000|100%| O|  |TAMS 0x0000000767e00000| PB 0x0000000767e00000| Untracked 
| 319|0x0000000767e00000, 0x0000000768000000, 0x0000000768000000|100%| O|  |TAMS 0x0000000768000000| PB 0x0000000768000000| Untracked 
| 320|0x0000000768000000, 0x0000000768200000, 0x0000000768200000|100%| O|  |TAMS 0x0000000768200000| PB 0x0000000768200000| Updating 
| 321|0x0000000768200000, 0x0000000768400000, 0x0000000768400000|100%| O|  |TAMS 0x0000000768200000| PB 0x0000000768200000| Untracked 
| 322|0x0000000768400000, 0x0000000768600000, 0x0000000768600000|100%| O|  |TAMS 0x0000000768600000| PB 0x0000000768600000| Untracked 
| 323|0x0000000768600000, 0x0000000768800000, 0x0000000768800000|100%| O|  |TAMS 0x0000000768800000| PB 0x0000000768800000| Untracked 
| 324|0x0000000768800000, 0x0000000768a00000, 0x0000000768a00000|100%| O|  |TAMS 0x0000000768a00000| PB 0x0000000768a00000| Untracked 
| 325|0x0000000768a00000, 0x0000000768c00000, 0x0000000768c00000|100%| O|  |TAMS 0x0000000768c00000| PB 0x0000000768c00000| Untracked 
| 326|0x0000000768c00000, 0x0000000768e00000, 0x0000000768e00000|100%| O|  |TAMS 0x0000000768e00000| PB 0x0000000768e00000| Untracked 
| 327|0x0000000768e00000, 0x0000000769000000, 0x0000000769000000|100%| O|  |TAMS 0x0000000769000000| PB 0x0000000769000000| Untracked 
| 328|0x0000000769000000, 0x0000000769200000, 0x0000000769200000|100%| O|  |TAMS 0x0000000769200000| PB 0x0000000769200000| Untracked 
| 329|0x0000000769200000, 0x0000000769400000, 0x0000000769400000|100%| O|  |TAMS 0x0000000769400000| PB 0x0000000769400000| Untracked 
| 330|0x0000000769400000, 0x0000000769600000, 0x0000000769600000|100%| O|  |TAMS 0x0000000769600000| PB 0x0000000769600000| Untracked 
| 331|0x0000000769600000, 0x0000000769800000, 0x0000000769800000|100%| O|  |TAMS 0x0000000769800000| PB 0x0000000769800000| Untracked 
| 332|0x0000000769800000, 0x0000000769a00000, 0x0000000769a00000|100%| O|  |TAMS 0x0000000769a00000| PB 0x0000000769a00000| Untracked 
| 333|0x0000000769a00000, 0x0000000769c00000, 0x0000000769c00000|100%| O|  |TAMS 0x0000000769c00000| PB 0x0000000769c00000| Untracked 
| 334|0x0000000769c00000, 0x0000000769e00000, 0x0000000769e00000|100%| O|  |TAMS 0x0000000769e00000| PB 0x0000000769e00000| Untracked 
| 335|0x0000000769e00000, 0x000000076a000000, 0x000000076a000000|100%| O|  |TAMS 0x000000076a000000| PB 0x000000076a000000| Untracked 
| 336|0x000000076a000000, 0x000000076a200000, 0x000000076a200000|100%| O|  |TAMS 0x000000076a200000| PB 0x000000076a200000| Untracked 
| 337|0x000000076a200000, 0x000000076a400000, 0x000000076a400000|100%| O|  |TAMS 0x000000076a400000| PB 0x000000076a400000| Untracked 
| 338|0x000000076a400000, 0x000000076a600000, 0x000000076a600000|100%| O|  |TAMS 0x000000076a600000| PB 0x000000076a600000| Untracked 
| 339|0x000000076a600000, 0x000000076a800000, 0x000000076a800000|100%| O|  |TAMS 0x000000076a800000| PB 0x000000076a800000| Untracked 
| 340|0x000000076a800000, 0x000000076aa00000, 0x000000076aa00000|100%| O|  |TAMS 0x000000076aa00000| PB 0x000000076aa00000| Untracked 
| 341|0x000000076aa00000, 0x000000076ac00000, 0x000000076ac00000|100%| O|  |TAMS 0x000000076ac00000| PB 0x000000076ac00000| Untracked 
| 342|0x000000076ac00000, 0x000000076ae00000, 0x000000076ae00000|100%| O|  |TAMS 0x000000076ae00000| PB 0x000000076ae00000| Untracked 
| 343|0x000000076ae00000, 0x000000076b000000, 0x000000076b000000|100%| O|  |TAMS 0x000000076b000000| PB 0x000000076b000000| Untracked 
| 344|0x000000076b000000, 0x000000076b200000, 0x000000076b200000|100%| O|  |TAMS 0x000000076b200000| PB 0x000000076b200000| Untracked 
| 345|0x000000076b200000, 0x000000076b400000, 0x000000076b400000|100%| O|  |TAMS 0x000000076b400000| PB 0x000000076b400000| Untracked 
| 346|0x000000076b400000, 0x000000076b600000, 0x000000076b600000|100%| O|  |TAMS 0x000000076b600000| PB 0x000000076b600000| Untracked 
| 347|0x000000076b600000, 0x000000076b800000, 0x000000076b800000|100%| O|  |TAMS 0x000000076b800000| PB 0x000000076b800000| Untracked 
| 348|0x000000076b800000, 0x000000076ba00000, 0x000000076ba00000|100%| O|  |TAMS 0x000000076ba00000| PB 0x000000076ba00000| Untracked 
| 349|0x000000076ba00000, 0x000000076bc00000, 0x000000076bc00000|100%| O|  |TAMS 0x000000076bc00000| PB 0x000000076bc00000| Untracked 
| 350|0x000000076bc00000, 0x000000076be00000, 0x000000076be00000|100%| O|  |TAMS 0x000000076be00000| PB 0x000000076be00000| Untracked 
| 351|0x000000076be00000, 0x000000076c000000, 0x000000076c000000|100%| O|  |TAMS 0x000000076c000000| PB 0x000000076c000000| Updating 
| 352|0x000000076c000000, 0x000000076c200000, 0x000000076c200000|100%| O|  |TAMS 0x000000076c200000| PB 0x000000076c200000| Untracked 
| 353|0x000000076c200000, 0x000000076c400000, 0x000000076c400000|100%| O|  |TAMS 0x000000076c400000| PB 0x000000076c400000| Untracked 
| 354|0x000000076c400000, 0x000000076c600000, 0x000000076c600000|100%| O|  |TAMS 0x000000076c600000| PB 0x000000076c600000| Updating 
| 355|0x000000076c600000, 0x000000076c800000, 0x000000076c800000|100%| O|  |TAMS 0x000000076c800000| PB 0x000000076c800000| Untracked 
| 356|0x000000076c800000, 0x000000076ca00000, 0x000000076ca00000|100%| O|  |TAMS 0x000000076ca00000| PB 0x000000076ca00000| Untracked 
| 357|0x000000076ca00000, 0x000000076cc00000, 0x000000076cc00000|100%| O|  |TAMS 0x000000076cc00000| PB 0x000000076cc00000| Untracked 
| 358|0x000000076cc00000, 0x000000076ce00000, 0x000000076ce00000|100%| O|  |TAMS 0x000000076ce00000| PB 0x000000076ce00000| Updating 
| 359|0x000000076ce00000, 0x000000076d000000, 0x000000076d000000|100%| O|  |TAMS 0x000000076d000000| PB 0x000000076d000000| Updating 
| 360|0x000000076d000000, 0x000000076d200000, 0x000000076d200000|100%| O|  |TAMS 0x000000076d200000| PB 0x000000076d200000| Untracked 
| 361|0x000000076d200000, 0x000000076d400000, 0x000000076d400000|100%| O|  |TAMS 0x000000076d400000| PB 0x000000076d400000| Untracked 
| 362|0x000000076d400000, 0x000000076d600000, 0x000000076d600000|100%| O|  |TAMS 0x000000076d600000| PB 0x000000076d600000| Untracked 
| 363|0x000000076d600000, 0x000000076d800000, 0x000000076d800000|100%| O|  |TAMS 0x000000076d800000| PB 0x000000076d800000| Untracked 
| 364|0x000000076d800000, 0x000000076da00000, 0x000000076da00000|100%| O|  |TAMS 0x000000076da00000| PB 0x000000076da00000| Untracked 
| 365|0x000000076da00000, 0x000000076dc00000, 0x000000076dc00000|100%| O|  |TAMS 0x000000076dc00000| PB 0x000000076dc00000| Untracked 
| 366|0x000000076dc00000, 0x000000076de00000, 0x000000076de00000|100%| O|  |TAMS 0x000000076de00000| PB 0x000000076de00000| Untracked 
| 367|0x000000076de00000, 0x000000076e000000, 0x000000076e000000|100%| O|  |TAMS 0x000000076e000000| PB 0x000000076e000000| Untracked 
| 368|0x000000076e000000, 0x000000076e200000, 0x000000076e200000|100%| O|  |TAMS 0x000000076e200000| PB 0x000000076e200000| Untracked 
| 369|0x000000076e200000, 0x000000076e400000, 0x000000076e400000|100%| O|  |TAMS 0x000000076e400000| PB 0x000000076e400000| Untracked 
| 370|0x000000076e400000, 0x000000076e600000, 0x000000076e600000|100%| O|  |TAMS 0x000000076e600000| PB 0x000000076e600000| Untracked 
| 371|0x000000076e600000, 0x000000076e800000, 0x000000076e800000|100%| O|  |TAMS 0x000000076e800000| PB 0x000000076e800000| Untracked 
| 372|0x000000076e800000, 0x000000076ea00000, 0x000000076ea00000|100%| O|  |TAMS 0x000000076ea00000| PB 0x000000076ea00000| Untracked 
| 373|0x000000076ea00000, 0x000000076ec00000, 0x000000076ec00000|100%| O|  |TAMS 0x000000076ec00000| PB 0x000000076ec00000| Untracked 
| 374|0x000000076ec00000, 0x000000076ee00000, 0x000000076ee00000|100%| O|  |TAMS 0x000000076ee00000| PB 0x000000076ee00000| Untracked 
| 375|0x000000076ee00000, 0x000000076f000000, 0x000000076f000000|100%| O|  |TAMS 0x000000076f000000| PB 0x000000076f000000| Untracked 
| 376|0x000000076f000000, 0x000000076f200000, 0x000000076f200000|100%| O|  |TAMS 0x000000076f200000| PB 0x000000076f200000| Untracked 
| 377|0x000000076f200000, 0x000000076f400000, 0x000000076f400000|100%| O|  |TAMS 0x000000076f400000| PB 0x000000076f400000| Untracked 
| 378|0x000000076f400000, 0x000000076f600000, 0x000000076f600000|100%| O|  |TAMS 0x000000076f600000| PB 0x000000076f600000| Untracked 
| 379|0x000000076f600000, 0x000000076f800000, 0x000000076f800000|100%| O|  |TAMS 0x000000076f800000| PB 0x000000076f800000| Untracked 
| 380|0x000000076f800000, 0x000000076fa00000, 0x000000076fa00000|100%| O|  |TAMS 0x000000076fa00000| PB 0x000000076fa00000| Untracked 
| 381|0x000000076fa00000, 0x000000076fc00000, 0x000000076fc00000|100%| O|  |TAMS 0x000000076fc00000| PB 0x000000076fc00000| Untracked 
| 382|0x000000076fc00000, 0x000000076fe00000, 0x000000076fe00000|100%| O|  |TAMS 0x000000076fe00000| PB 0x000000076fe00000| Untracked 
| 383|0x000000076fe00000, 0x0000000770000000, 0x0000000770000000|100%| O|  |TAMS 0x0000000770000000| PB 0x0000000770000000| Untracked 
| 384|0x0000000770000000, 0x0000000770200000, 0x0000000770200000|100%| O|  |TAMS 0x0000000770200000| PB 0x0000000770200000| Updating 
| 385|0x0000000770200000, 0x0000000770200000, 0x0000000770400000|  0%| F|  |TAMS 0x0000000770200000| PB 0x0000000770200000| Untracked 
| 386|0x0000000770400000, 0x0000000770400000, 0x0000000770600000|  0%| F|  |TAMS 0x0000000770400000| PB 0x0000000770400000| Untracked 
| 387|0x0000000770600000, 0x0000000770600000, 0x0000000770800000|  0%| F|  |TAMS 0x0000000770600000| PB 0x0000000770600000| Untracked 
| 388|0x0000000770800000, 0x0000000770800000, 0x0000000770a00000|  0%| F|  |TAMS 0x0000000770800000| PB 0x0000000770800000| Untracked 
| 389|0x0000000770a00000, 0x0000000770a00000, 0x0000000770c00000|  0%| F|  |TAMS 0x0000000770a00000| PB 0x0000000770a00000| Untracked 
| 390|0x0000000770c00000, 0x0000000770c00000, 0x0000000770e00000|  0%| F|  |TAMS 0x0000000770c00000| PB 0x0000000770c00000| Untracked 
| 391|0x0000000770e00000, 0x0000000771000000, 0x0000000771000000|100%| O|  |TAMS 0x0000000771000000| PB 0x0000000771000000| Untracked 
| 392|0x0000000771000000, 0x0000000771200000, 0x0000000771200000|100%| O|  |TAMS 0x0000000771200000| PB 0x0000000771200000| Untracked 
| 393|0x0000000771200000, 0x0000000771400000, 0x0000000771400000|100%| O|  |TAMS 0x0000000771400000| PB 0x0000000771400000| Untracked 
| 394|0x0000000771400000, 0x0000000771600000, 0x0000000771600000|100%| O|  |TAMS 0x0000000771600000| PB 0x0000000771600000| Updating 
| 395|0x0000000771600000, 0x0000000771800000, 0x0000000771800000|100%| O|  |TAMS 0x0000000771800000| PB 0x0000000771800000| Updating 
| 396|0x0000000771800000, 0x0000000771a00000, 0x0000000771a00000|100%| O|  |TAMS 0x0000000771800000| PB 0x0000000771800000| Untracked 
| 397|0x0000000771a00000, 0x0000000771c00000, 0x0000000771c00000|100%| O|  |TAMS 0x0000000771c00000| PB 0x0000000771c00000| Updating 
| 398|0x0000000771c00000, 0x0000000771e00000, 0x0000000771e00000|100%| O|  |TAMS 0x0000000771e00000| PB 0x0000000771e00000| Untracked 
| 399|0x0000000771e00000, 0x0000000772000000, 0x0000000772000000|100%| O|  |TAMS 0x0000000772000000| PB 0x0000000772000000| Untracked 
| 400|0x0000000772000000, 0x0000000772200000, 0x0000000772200000|100%| O|  |TAMS 0x0000000772200000| PB 0x0000000772200000| Untracked 
| 401|0x0000000772200000, 0x0000000772400000, 0x0000000772400000|100%| O|  |TAMS 0x0000000772400000| PB 0x0000000772400000| Untracked 
| 402|0x0000000772400000, 0x0000000772600000, 0x0000000772600000|100%| O|  |TAMS 0x0000000772600000| PB 0x0000000772600000| Untracked 
| 403|0x0000000772600000, 0x0000000772800000, 0x0000000772800000|100%| O|  |TAMS 0x0000000772800000| PB 0x0000000772800000| Untracked 
| 404|0x0000000772800000, 0x0000000772a00000, 0x0000000772a00000|100%| O|  |TAMS 0x0000000772a00000| PB 0x0000000772a00000| Untracked 
| 405|0x0000000772a00000, 0x0000000772c00000, 0x0000000772c00000|100%| O|  |TAMS 0x0000000772c00000| PB 0x0000000772c00000| Updating 
| 406|0x0000000772c00000, 0x0000000772e00000, 0x0000000772e00000|100%| O|  |TAMS 0x0000000772e00000| PB 0x0000000772e00000| Untracked 
| 407|0x0000000772e00000, 0x0000000773000000, 0x0000000773000000|100%| O|  |TAMS 0x0000000773000000| PB 0x0000000773000000| Untracked 
| 408|0x0000000773000000, 0x0000000773200000, 0x0000000773200000|100%| O|  |TAMS 0x0000000773200000| PB 0x0000000773200000| Untracked 
| 409|0x0000000773200000, 0x0000000773400000, 0x0000000773400000|100%| O|  |TAMS 0x0000000773400000| PB 0x0000000773400000| Untracked 
| 410|0x0000000773400000, 0x0000000773600000, 0x0000000773600000|100%| O|  |TAMS 0x0000000773600000| PB 0x0000000773600000| Untracked 
| 411|0x0000000773600000, 0x0000000773800000, 0x0000000773800000|100%| O|  |TAMS 0x0000000773800000| PB 0x0000000773800000| Untracked 
| 412|0x0000000773800000, 0x0000000773a00000, 0x0000000773a00000|100%| O|  |TAMS 0x0000000773a00000| PB 0x0000000773a00000| Untracked 
| 413|0x0000000773a00000, 0x0000000773c00000, 0x0000000773c00000|100%| O|  |TAMS 0x0000000773c00000| PB 0x0000000773c00000| Untracked 
| 414|0x0000000773c00000, 0x0000000773e00000, 0x0000000773e00000|100%| O|  |TAMS 0x0000000773e00000| PB 0x0000000773e00000| Untracked 
| 415|0x0000000773e00000, 0x0000000774000000, 0x0000000774000000|100%| O|  |TAMS 0x0000000774000000| PB 0x0000000774000000| Untracked 
| 416|0x0000000774000000, 0x0000000774200000, 0x0000000774200000|100%| O|  |TAMS 0x0000000774200000| PB 0x0000000774200000| Untracked 
| 417|0x0000000774200000, 0x0000000774400000, 0x0000000774400000|100%| O|  |TAMS 0x0000000774400000| PB 0x0000000774400000| Untracked 
| 418|0x0000000774400000, 0x0000000774600000, 0x0000000774600000|100%| O|  |TAMS 0x0000000774600000| PB 0x0000000774600000| Untracked 
| 419|0x0000000774600000, 0x0000000774800000, 0x0000000774800000|100%| O|  |TAMS 0x0000000774800000| PB 0x0000000774800000| Untracked 
| 420|0x0000000774800000, 0x0000000774a00000, 0x0000000774a00000|100%| O|  |TAMS 0x0000000774a00000| PB 0x0000000774a00000| Untracked 
| 421|0x0000000774a00000, 0x0000000774c00000, 0x0000000774c00000|100%| O|  |TAMS 0x0000000774c00000| PB 0x0000000774c00000| Untracked 
| 422|0x0000000774c00000, 0x0000000774e00000, 0x0000000774e00000|100%| O|  |TAMS 0x0000000774e00000| PB 0x0000000774e00000| Untracked 
| 423|0x0000000774e00000, 0x0000000775000000, 0x0000000775000000|100%| O|  |TAMS 0x0000000775000000| PB 0x0000000775000000| Untracked 
| 424|0x0000000775000000, 0x0000000775200000, 0x0000000775200000|100%| O|  |TAMS 0x0000000775000000| PB 0x0000000775000000| Untracked 
| 425|0x0000000775200000, 0x0000000775400000, 0x0000000775400000|100%| O|  |TAMS 0x0000000775400000| PB 0x0000000775400000| Updating 
| 426|0x0000000775400000, 0x0000000775600000, 0x0000000775600000|100%| O|  |TAMS 0x0000000775600000| PB 0x0000000775600000| Untracked 
| 427|0x0000000775600000, 0x0000000775800000, 0x0000000775800000|100%| O|  |TAMS 0x0000000775800000| PB 0x0000000775800000| Untracked 
| 428|0x0000000775800000, 0x0000000775a00000, 0x0000000775a00000|100%| O|  |TAMS 0x0000000775a00000| PB 0x0000000775a00000| Untracked 
| 429|0x0000000775a00000, 0x0000000775c00000, 0x0000000775c00000|100%| O|  |TAMS 0x0000000775c00000| PB 0x0000000775c00000| Untracked 
| 430|0x0000000775c00000, 0x0000000775e00000, 0x0000000775e00000|100%| O|  |TAMS 0x0000000775e00000| PB 0x0000000775e00000| Untracked 
| 431|0x0000000775e00000, 0x0000000776000000, 0x0000000776000000|100%| O|  |TAMS 0x0000000776000000| PB 0x0000000776000000| Untracked 
| 432|0x0000000776000000, 0x0000000776200000, 0x0000000776200000|100%| O|  |TAMS 0x0000000776200000| PB 0x0000000776200000| Untracked 
| 433|0x0000000776200000, 0x0000000776400000, 0x0000000776400000|100%| O|  |TAMS 0x0000000776400000| PB 0x0000000776400000| Untracked 
| 434|0x0000000776400000, 0x0000000776600000, 0x0000000776600000|100%| O|  |TAMS 0x0000000776600000| PB 0x0000000776600000| Untracked 
| 435|0x0000000776600000, 0x0000000776800000, 0x0000000776800000|100%| O|  |TAMS 0x0000000776800000| PB 0x0000000776800000| Untracked 
| 436|0x0000000776800000, 0x0000000776a00000, 0x0000000776a00000|100%| O|  |TAMS 0x0000000776a00000| PB 0x0000000776a00000| Untracked 
| 437|0x0000000776a00000, 0x0000000776c00000, 0x0000000776c00000|100%| O|  |TAMS 0x0000000776c00000| PB 0x0000000776c00000| Untracked 
| 438|0x0000000776c00000, 0x0000000776e00000, 0x0000000776e00000|100%| O|  |TAMS 0x0000000776e00000| PB 0x0000000776e00000| Untracked 
| 439|0x0000000776e00000, 0x0000000777000000, 0x0000000777000000|100%| O|  |TAMS 0x0000000777000000| PB 0x0000000777000000| Untracked 
| 440|0x0000000777000000, 0x0000000777200000, 0x0000000777200000|100%| O|  |TAMS 0x0000000777200000| PB 0x0000000777200000| Untracked 
| 441|0x0000000777200000, 0x0000000777400000, 0x0000000777400000|100%| O|  |TAMS 0x0000000777400000| PB 0x0000000777400000| Untracked 
| 442|0x0000000777400000, 0x0000000777600000, 0x0000000777600000|100%| O|  |TAMS 0x0000000777600000| PB 0x0000000777600000| Untracked 
| 443|0x0000000777600000, 0x0000000777800000, 0x0000000777800000|100%| O|  |TAMS 0x0000000777800000| PB 0x0000000777800000| Untracked 
| 444|0x0000000777800000, 0x0000000777a00000, 0x0000000777a00000|100%| O|  |TAMS 0x0000000777a00000| PB 0x0000000777a00000| Untracked 
| 445|0x0000000777a00000, 0x0000000777c00000, 0x0000000777c00000|100%| O|  |TAMS 0x0000000777c00000| PB 0x0000000777c00000| Untracked 
| 446|0x0000000777c00000, 0x0000000777e00000, 0x0000000777e00000|100%| O|  |TAMS 0x0000000777e00000| PB 0x0000000777e00000| Untracked 
| 447|0x0000000777e00000, 0x0000000778000000, 0x0000000778000000|100%| O|  |TAMS 0x0000000778000000| PB 0x0000000778000000| Untracked 
| 448|0x0000000778000000, 0x0000000778200000, 0x0000000778200000|100%| O|  |TAMS 0x0000000778200000| PB 0x0000000778200000| Untracked 
| 449|0x0000000778200000, 0x0000000778400000, 0x0000000778400000|100%| O|  |TAMS 0x0000000778400000| PB 0x0000000778400000| Untracked 
| 450|0x0000000778400000, 0x0000000778600000, 0x0000000778600000|100%| O|  |TAMS 0x0000000778600000| PB 0x0000000778600000| Untracked 
| 451|0x0000000778600000, 0x0000000778800000, 0x0000000778800000|100%| O|  |TAMS 0x0000000778800000| PB 0x0000000778800000| Updating 
| 452|0x0000000778800000, 0x0000000778a00000, 0x0000000778a00000|100%| O|  |TAMS 0x0000000778a00000| PB 0x0000000778a00000| Updating 
| 453|0x0000000778a00000, 0x0000000778c00000, 0x0000000778c00000|100%| O|  |TAMS 0x0000000778c00000| PB 0x0000000778c00000| Updating 
| 454|0x0000000778c00000, 0x0000000778e00000, 0x0000000778e00000|100%| O|  |TAMS 0x0000000778e00000| PB 0x0000000778e00000| Untracked 
| 455|0x0000000778e00000, 0x0000000779000000, 0x0000000779000000|100%| O|  |TAMS 0x0000000779000000| PB 0x0000000779000000| Untracked 
| 456|0x0000000779000000, 0x0000000779200000, 0x0000000779200000|100%| O|  |TAMS 0x0000000779200000| PB 0x0000000779200000| Untracked 
| 457|0x0000000779200000, 0x0000000779400000, 0x0000000779400000|100%| O|  |TAMS 0x0000000779400000| PB 0x0000000779400000| Untracked 
| 458|0x0000000779400000, 0x0000000779600000, 0x0000000779600000|100%| O|  |TAMS 0x0000000779600000| PB 0x0000000779600000| Untracked 
| 459|0x0000000779600000, 0x0000000779800000, 0x0000000779800000|100%| O|  |TAMS 0x0000000779800000| PB 0x0000000779800000| Untracked 
| 460|0x0000000779800000, 0x0000000779a00000, 0x0000000779a00000|100%| O|  |TAMS 0x0000000779a00000| PB 0x0000000779a00000| Untracked 
| 461|0x0000000779a00000, 0x0000000779c00000, 0x0000000779c00000|100%| O|  |TAMS 0x0000000779c00000| PB 0x0000000779c00000| Untracked 
| 462|0x0000000779c00000, 0x0000000779e00000, 0x0000000779e00000|100%| O|  |TAMS 0x0000000779e00000| PB 0x0000000779e00000| Untracked 
| 463|0x0000000779e00000, 0x000000077a000000, 0x000000077a000000|100%| O|  |TAMS 0x000000077a000000| PB 0x000000077a000000| Untracked 
| 464|0x000000077a000000, 0x000000077a200000, 0x000000077a200000|100%| O|  |TAMS 0x000000077a200000| PB 0x000000077a200000| Untracked 
| 465|0x000000077a200000, 0x000000077a400000, 0x000000077a400000|100%| O|  |TAMS 0x000000077a400000| PB 0x000000077a400000| Untracked 
| 466|0x000000077a400000, 0x000000077a600000, 0x000000077a600000|100%| O|  |TAMS 0x000000077a600000| PB 0x000000077a600000| Untracked 
| 467|0x000000077a600000, 0x000000077a800000, 0x000000077a800000|100%| O|  |TAMS 0x000000077a800000| PB 0x000000077a800000| Untracked 
| 468|0x000000077a800000, 0x000000077aa00000, 0x000000077aa00000|100%| O|  |TAMS 0x000000077aa00000| PB 0x000000077aa00000| Untracked 
| 469|0x000000077aa00000, 0x000000077ac00000, 0x000000077ac00000|100%| O|  |TAMS 0x000000077ac00000| PB 0x000000077ac00000| Untracked 
| 470|0x000000077ac00000, 0x000000077ae00000, 0x000000077ae00000|100%| O|  |TAMS 0x000000077ae00000| PB 0x000000077ae00000| Untracked 
| 471|0x000000077ae00000, 0x000000077b000000, 0x000000077b000000|100%| O|  |TAMS 0x000000077b000000| PB 0x000000077b000000| Untracked 
| 472|0x000000077b000000, 0x000000077b200000, 0x000000077b200000|100%| O|  |TAMS 0x000000077b200000| PB 0x000000077b200000| Untracked 
| 473|0x000000077b200000, 0x000000077b400000, 0x000000077b400000|100%| O|  |TAMS 0x000000077b400000| PB 0x000000077b400000| Untracked 
| 474|0x000000077b400000, 0x000000077b600000, 0x000000077b600000|100%| O|  |TAMS 0x000000077b600000| PB 0x000000077b600000| Untracked 
| 475|0x000000077b600000, 0x000000077b800000, 0x000000077b800000|100%| O|  |TAMS 0x000000077b600000| PB 0x000000077b600000| Untracked 
| 476|0x000000077b800000, 0x000000077ba00000, 0x000000077ba00000|100%| O|  |TAMS 0x000000077b800000| PB 0x000000077b800000| Untracked 
| 477|0x000000077ba00000, 0x000000077bc00000, 0x000000077bc00000|100%|HS|  |TAMS 0x000000077bc00000| PB 0x000000077ba00000| Complete 
| 478|0x000000077bc00000, 0x000000077be00000, 0x000000077be00000|100%|HC|  |TAMS 0x000000077be00000| PB 0x000000077bc00000| Complete 
| 479|0x000000077be00000, 0x000000077c000000, 0x000000077c000000|100%|HC|  |TAMS 0x000000077c000000| PB 0x000000077be00000| Complete 
| 480|0x000000077c000000, 0x000000077c200000, 0x000000077c200000|100%|HC|  |TAMS 0x000000077c200000| PB 0x000000077c000000| Complete 
| 481|0x000000077c200000, 0x000000077c400000, 0x000000077c400000|100%|HC|  |TAMS 0x000000077c400000| PB 0x000000077c200000| Complete 
| 482|0x000000077c400000, 0x000000077c600000, 0x000000077c600000|100%| O|  |TAMS 0x000000077c400000| PB 0x000000077c400000| Untracked 
| 483|0x000000077c600000, 0x000000077c800000, 0x000000077c800000|100%| O|  |TAMS 0x000000077c600000| PB 0x000000077c600000| Untracked 
| 484|0x000000077c800000, 0x000000077ca00000, 0x000000077ca00000|100%| O|  |TAMS 0x000000077c800000| PB 0x000000077c800000| Untracked 
| 485|0x000000077ca00000, 0x000000077cc00000, 0x000000077cc00000|100%|HS|  |TAMS 0x000000077cc00000| PB 0x000000077ca00000| Complete 
| 486|0x000000077cc00000, 0x000000077ce00000, 0x000000077ce00000|100%|HS|  |TAMS 0x000000077ce00000| PB 0x000000077cc00000| Complete 
| 487|0x000000077ce00000, 0x000000077d000000, 0x000000077d000000|100%| O|  |TAMS 0x000000077d000000| PB 0x000000077d000000| Untracked 
| 488|0x000000077d000000, 0x000000077d200000, 0x000000077d200000|100%| O|  |TAMS 0x000000077d200000| PB 0x000000077d200000| Untracked 
| 489|0x000000077d200000, 0x000000077d400000, 0x000000077d400000|100%| O|  |TAMS 0x000000077d400000| PB 0x000000077d400000| Untracked 
| 490|0x000000077d400000, 0x000000077d600000, 0x000000077d600000|100%| O|  |TAMS 0x000000077d600000| PB 0x000000077d600000| Untracked 
| 491|0x000000077d600000, 0x000000077d800000, 0x000000077d800000|100%| O|  |TAMS 0x000000077d800000| PB 0x000000077d800000| Untracked 
| 492|0x000000077d800000, 0x000000077da00000, 0x000000077da00000|100%| O|  |TAMS 0x000000077da00000| PB 0x000000077da00000| Untracked 
| 493|0x000000077da00000, 0x000000077dc00000, 0x000000077dc00000|100%| O|  |TAMS 0x000000077dc00000| PB 0x000000077dc00000| Untracked 
| 494|0x000000077dc00000, 0x000000077de00000, 0x000000077de00000|100%| O|  |TAMS 0x000000077de00000| PB 0x000000077de00000| Untracked 
| 495|0x000000077de00000, 0x000000077e000000, 0x000000077e000000|100%| O|  |TAMS 0x000000077e000000| PB 0x000000077e000000| Untracked 
| 496|0x000000077e000000, 0x000000077e200000, 0x000000077e200000|100%| O|  |TAMS 0x000000077e200000| PB 0x000000077e200000| Untracked 
| 497|0x000000077e200000, 0x000000077e400000, 0x000000077e400000|100%| O|  |TAMS 0x000000077e400000| PB 0x000000077e400000| Untracked 
| 498|0x000000077e400000, 0x000000077e600000, 0x000000077e600000|100%| O|  |TAMS 0x000000077e600000| PB 0x000000077e600000| Untracked 
| 499|0x000000077e600000, 0x000000077e800000, 0x000000077e800000|100%| O|  |TAMS 0x000000077e800000| PB 0x000000077e800000| Untracked 
| 500|0x000000077e800000, 0x000000077ea00000, 0x000000077ea00000|100%| O|  |TAMS 0x000000077ea00000| PB 0x000000077ea00000| Untracked 
| 501|0x000000077ea00000, 0x000000077ec00000, 0x000000077ec00000|100%| O|  |TAMS 0x000000077ec00000| PB 0x000000077ec00000| Untracked 
| 502|0x000000077ec00000, 0x000000077ee00000, 0x000000077ee00000|100%| O|  |TAMS 0x000000077ee00000| PB 0x000000077ee00000| Untracked 
| 503|0x000000077ee00000, 0x000000077f000000, 0x000000077f000000|100%| O|  |TAMS 0x000000077f000000| PB 0x000000077f000000| Untracked 
| 504|0x000000077f000000, 0x000000077f200000, 0x000000077f200000|100%| O|  |TAMS 0x000000077f200000| PB 0x000000077f200000| Untracked 
| 505|0x000000077f200000, 0x000000077f400000, 0x000000077f400000|100%| O|  |TAMS 0x000000077f400000| PB 0x000000077f400000| Untracked 
| 506|0x000000077f400000, 0x000000077f600000, 0x000000077f600000|100%| O|  |TAMS 0x000000077f600000| PB 0x000000077f600000| Untracked 
| 507|0x000000077f600000, 0x000000077f800000, 0x000000077f800000|100%| O|  |TAMS 0x000000077f800000| PB 0x000000077f800000| Untracked 
| 508|0x000000077f800000, 0x000000077fa00000, 0x000000077fa00000|100%| O|  |TAMS 0x000000077fa00000| PB 0x000000077fa00000| Untracked 
| 509|0x000000077fa00000, 0x000000077fc00000, 0x000000077fc00000|100%| O|  |TAMS 0x000000077fc00000| PB 0x000000077fc00000| Untracked 
| 510|0x000000077fc00000, 0x000000077fe00000, 0x000000077fe00000|100%| O|  |TAMS 0x000000077fe00000| PB 0x000000077fe00000| Untracked 
| 511|0x000000077fe00000, 0x0000000780000000, 0x0000000780000000|100%| O|  |TAMS 0x0000000780000000| PB 0x0000000780000000| Untracked 
| 512|0x0000000780000000, 0x0000000780200000, 0x0000000780200000|100%| O|  |TAMS 0x0000000780200000| PB 0x0000000780200000| Untracked 
| 513|0x0000000780200000, 0x0000000780400000, 0x0000000780400000|100%| O|  |TAMS 0x0000000780400000| PB 0x0000000780400000| Untracked 
| 514|0x0000000780400000, 0x0000000780600000, 0x0000000780600000|100%| O|  |TAMS 0x0000000780600000| PB 0x0000000780600000| Untracked 
| 515|0x0000000780600000, 0x0000000780800000, 0x0000000780800000|100%| O|  |TAMS 0x0000000780800000| PB 0x0000000780800000| Untracked 
| 516|0x0000000780800000, 0x0000000780a00000, 0x0000000780a00000|100%| O|  |TAMS 0x0000000780a00000| PB 0x0000000780a00000| Untracked 
| 517|0x0000000780a00000, 0x0000000780c00000, 0x0000000780c00000|100%| O|  |TAMS 0x0000000780c00000| PB 0x0000000780c00000| Untracked 
| 518|0x0000000780c00000, 0x0000000780e00000, 0x0000000780e00000|100%| O|  |TAMS 0x0000000780e00000| PB 0x0000000780e00000| Untracked 
| 519|0x0000000780e00000, 0x0000000781000000, 0x0000000781000000|100%| O|  |TAMS 0x0000000781000000| PB 0x0000000781000000| Untracked 
| 520|0x0000000781000000, 0x0000000781200000, 0x0000000781200000|100%| O|  |TAMS 0x0000000781200000| PB 0x0000000781200000| Untracked 
| 521|0x0000000781200000, 0x0000000781400000, 0x0000000781400000|100%| O|  |TAMS 0x0000000781400000| PB 0x0000000781400000| Untracked 
| 522|0x0000000781400000, 0x0000000781600000, 0x0000000781600000|100%| O|  |TAMS 0x0000000781600000| PB 0x0000000781600000| Untracked 
| 523|0x0000000781600000, 0x0000000781800000, 0x0000000781800000|100%| O|  |TAMS 0x0000000781800000| PB 0x0000000781800000| Untracked 
| 524|0x0000000781800000, 0x0000000781a00000, 0x0000000781a00000|100%| O|  |TAMS 0x0000000781a00000| PB 0x0000000781a00000| Untracked 
| 525|0x0000000781a00000, 0x0000000781c00000, 0x0000000781c00000|100%| O|  |TAMS 0x0000000781c00000| PB 0x0000000781c00000| Untracked 
| 526|0x0000000781c00000, 0x0000000781e00000, 0x0000000781e00000|100%| O|  |TAMS 0x0000000781e00000| PB 0x0000000781e00000| Untracked 
| 527|0x0000000781e00000, 0x0000000782000000, 0x0000000782000000|100%| O|  |TAMS 0x0000000782000000| PB 0x0000000782000000| Untracked 
| 528|0x0000000782000000, 0x0000000782200000, 0x0000000782200000|100%| O|  |TAMS 0x0000000782200000| PB 0x0000000782200000| Untracked 
| 529|0x0000000782200000, 0x0000000782400000, 0x0000000782400000|100%| O|  |TAMS 0x0000000782400000| PB 0x0000000782400000| Untracked 
| 530|0x0000000782400000, 0x0000000782600000, 0x0000000782600000|100%| O|  |TAMS 0x0000000782600000| PB 0x0000000782600000| Untracked 
| 531|0x0000000782600000, 0x0000000782800000, 0x0000000782800000|100%| O|  |TAMS 0x0000000782800000| PB 0x0000000782800000| Untracked 
| 532|0x0000000782800000, 0x0000000782a00000, 0x0000000782a00000|100%| O|  |TAMS 0x0000000782a00000| PB 0x0000000782a00000| Untracked 
| 533|0x0000000782a00000, 0x0000000782c00000, 0x0000000782c00000|100%| O|  |TAMS 0x0000000782c00000| PB 0x0000000782c00000| Untracked 
| 534|0x0000000782c00000, 0x0000000782e00000, 0x0000000782e00000|100%| O|  |TAMS 0x0000000782e00000| PB 0x0000000782e00000| Untracked 
| 535|0x0000000782e00000, 0x0000000783000000, 0x0000000783000000|100%| O|  |TAMS 0x0000000783000000| PB 0x0000000783000000| Untracked 
| 536|0x0000000783000000, 0x0000000783200000, 0x0000000783200000|100%| O|  |TAMS 0x0000000783200000| PB 0x0000000783200000| Untracked 
| 537|0x0000000783200000, 0x0000000783400000, 0x0000000783400000|100%| O|  |TAMS 0x0000000783400000| PB 0x0000000783400000| Untracked 
| 538|0x0000000783400000, 0x0000000783600000, 0x0000000783600000|100%| O|  |TAMS 0x0000000783600000| PB 0x0000000783600000| Untracked 
| 539|0x0000000783600000, 0x0000000783800000, 0x0000000783800000|100%| O|  |TAMS 0x0000000783800000| PB 0x0000000783800000| Untracked 
| 540|0x0000000783800000, 0x0000000783a00000, 0x0000000783a00000|100%| O|  |TAMS 0x0000000783a00000| PB 0x0000000783a00000| Updating 
| 541|0x0000000783a00000, 0x0000000783c00000, 0x0000000783c00000|100%| O|  |TAMS 0x0000000783c00000| PB 0x0000000783c00000| Untracked 
| 542|0x0000000783c00000, 0x0000000783e00000, 0x0000000783e00000|100%| O|  |TAMS 0x0000000783e00000| PB 0x0000000783e00000| Untracked 
| 543|0x0000000783e00000, 0x0000000784000000, 0x0000000784000000|100%| O|  |TAMS 0x0000000784000000| PB 0x0000000784000000| Untracked 
| 544|0x0000000784000000, 0x0000000784200000, 0x0000000784200000|100%| O|  |TAMS 0x0000000784200000| PB 0x0000000784200000| Untracked 
| 545|0x0000000784200000, 0x0000000784400000, 0x0000000784400000|100%| O|  |TAMS 0x0000000784400000| PB 0x0000000784400000| Untracked 
| 546|0x0000000784400000, 0x0000000784600000, 0x0000000784600000|100%| O|  |TAMS 0x0000000784600000| PB 0x0000000784600000| Updating 
| 547|0x0000000784600000, 0x0000000784800000, 0x0000000784800000|100%| O|  |TAMS 0x0000000784800000| PB 0x0000000784800000| Updating 
| 548|0x0000000784800000, 0x0000000784a00000, 0x0000000784a00000|100%| O|  |TAMS 0x0000000784a00000| PB 0x0000000784a00000| Updating 
| 549|0x0000000784a00000, 0x0000000784c00000, 0x0000000784c00000|100%| O|  |TAMS 0x0000000784c00000| PB 0x0000000784c00000| Untracked 
| 550|0x0000000784c00000, 0x0000000784e00000, 0x0000000784e00000|100%| O|  |TAMS 0x0000000784e00000| PB 0x0000000784e00000| Untracked 
| 551|0x0000000784e00000, 0x0000000785000000, 0x0000000785000000|100%| O|  |TAMS 0x0000000785000000| PB 0x0000000785000000| Untracked 
| 552|0x0000000785000000, 0x0000000785200000, 0x0000000785200000|100%| O|  |TAMS 0x0000000785200000| PB 0x0000000785200000| Untracked 
| 553|0x0000000785200000, 0x0000000785400000, 0x0000000785400000|100%| O|  |TAMS 0x0000000785400000| PB 0x0000000785400000| Updating 
| 554|0x0000000785400000, 0x0000000785600000, 0x0000000785600000|100%| O|  |TAMS 0x0000000785600000| PB 0x0000000785600000| Untracked 
| 555|0x0000000785600000, 0x0000000785800000, 0x0000000785800000|100%| O|  |TAMS 0x0000000785800000| PB 0x0000000785800000| Updating 
| 556|0x0000000785800000, 0x0000000785a00000, 0x0000000785a00000|100%| O|  |TAMS 0x0000000785a00000| PB 0x0000000785a00000| Untracked 
| 557|0x0000000785a00000, 0x0000000785c00000, 0x0000000785c00000|100%| O|  |TAMS 0x0000000785c00000| PB 0x0000000785c00000| Updating 
| 558|0x0000000785c00000, 0x0000000785e00000, 0x0000000785e00000|100%| O|  |TAMS 0x0000000785e00000| PB 0x0000000785e00000| Updating 
| 559|0x0000000785e00000, 0x0000000786000000, 0x0000000786000000|100%| O|  |TAMS 0x0000000786000000| PB 0x0000000786000000| Updating 
| 560|0x0000000786000000, 0x0000000786200000, 0x0000000786200000|100%| O|  |TAMS 0x00000007860e6c20| PB 0x00000007860e6c20| Untracked 
| 561|0x0000000786200000, 0x0000000786400000, 0x0000000786400000|100%| O|  |TAMS 0x0000000786200000| PB 0x0000000786200000| Untracked 
| 562|0x0000000786400000, 0x0000000786600000, 0x0000000786600000|100%| O|  |TAMS 0x0000000786400000| PB 0x0000000786400000| Untracked 
| 563|0x0000000786600000, 0x0000000786800000, 0x0000000786800000|100%| O|  |TAMS 0x0000000786600000| PB 0x0000000786600000| Untracked 
| 564|0x0000000786800000, 0x0000000786a00000, 0x0000000786a00000|100%| O|  |TAMS 0x0000000786800000| PB 0x0000000786800000| Untracked 
| 565|0x0000000786a00000, 0x0000000786c00000, 0x0000000786c00000|100%| O|  |TAMS 0x0000000786a00000| PB 0x0000000786a00000| Untracked 
| 566|0x0000000786c00000, 0x0000000786e00000, 0x0000000786e00000|100%| O|  |TAMS 0x0000000786c00000| PB 0x0000000786c00000| Untracked 
| 567|0x0000000786e00000, 0x0000000787000000, 0x0000000787000000|100%| O|  |TAMS 0x0000000786e00000| PB 0x0000000786e00000| Untracked 
| 568|0x0000000787000000, 0x0000000787200000, 0x0000000787200000|100%| O|  |TAMS 0x0000000787000000| PB 0x0000000787000000| Untracked 
| 569|0x0000000787200000, 0x0000000787400000, 0x0000000787400000|100%| O|  |TAMS 0x0000000787200000| PB 0x0000000787200000| Untracked 
| 570|0x0000000787400000, 0x0000000787600000, 0x0000000787600000|100%| O|  |TAMS 0x0000000787400000| PB 0x0000000787400000| Untracked 
| 571|0x0000000787600000, 0x0000000787800000, 0x0000000787800000|100%| O|  |TAMS 0x0000000787600000| PB 0x0000000787600000| Untracked 
| 572|0x0000000787800000, 0x0000000787a00000, 0x0000000787a00000|100%| O|  |TAMS 0x0000000787800000| PB 0x0000000787800000| Untracked 
| 573|0x0000000787a00000, 0x0000000787c00000, 0x0000000787c00000|100%| O|  |TAMS 0x0000000787a00000| PB 0x0000000787a00000| Untracked 
| 574|0x0000000787c00000, 0x0000000787e00000, 0x0000000787e00000|100%| O|  |TAMS 0x0000000787c00000| PB 0x0000000787c00000| Untracked 
| 575|0x0000000787e00000, 0x0000000788000000, 0x0000000788000000|100%| O|  |TAMS 0x0000000787e00000| PB 0x0000000787e00000| Untracked 
| 576|0x0000000788000000, 0x0000000788200000, 0x0000000788200000|100%| O|  |TAMS 0x0000000788000000| PB 0x0000000788000000| Untracked 
| 577|0x0000000788200000, 0x0000000788400000, 0x0000000788400000|100%| O|  |TAMS 0x0000000788200000| PB 0x0000000788200000| Untracked 
| 578|0x0000000788400000, 0x0000000788600000, 0x0000000788600000|100%| O|  |TAMS 0x0000000788400000| PB 0x0000000788400000| Untracked 
| 579|0x0000000788600000, 0x0000000788800000, 0x0000000788800000|100%| O|  |TAMS 0x0000000788600000| PB 0x0000000788600000| Untracked 
| 580|0x0000000788800000, 0x0000000788a00000, 0x0000000788a00000|100%| O|  |TAMS 0x0000000788800000| PB 0x0000000788800000| Untracked 
| 581|0x0000000788a00000, 0x0000000788c00000, 0x0000000788c00000|100%| O|  |TAMS 0x0000000788a00000| PB 0x0000000788a00000| Untracked 
| 582|0x0000000788c00000, 0x0000000788e00000, 0x0000000788e00000|100%| O|  |TAMS 0x0000000788c00000| PB 0x0000000788c00000| Untracked 
| 583|0x0000000788e00000, 0x0000000789000000, 0x0000000789000000|100%| O|  |TAMS 0x0000000788e00000| PB 0x0000000788e00000| Untracked 
| 584|0x0000000789000000, 0x0000000789200000, 0x0000000789200000|100%| O|  |TAMS 0x0000000789000000| PB 0x0000000789000000| Untracked 
| 585|0x0000000789200000, 0x0000000789400000, 0x0000000789400000|100%| O|  |TAMS 0x0000000789200000| PB 0x0000000789200000| Untracked 
| 586|0x0000000789400000, 0x0000000789600000, 0x0000000789600000|100%| O|  |TAMS 0x0000000789400000| PB 0x0000000789400000| Untracked 
| 587|0x0000000789600000, 0x0000000789800000, 0x0000000789800000|100%| O|  |TAMS 0x0000000789600000| PB 0x0000000789600000| Untracked 
| 588|0x0000000789800000, 0x0000000789a00000, 0x0000000789a00000|100%| O|  |TAMS 0x0000000789800000| PB 0x0000000789800000| Untracked 
| 589|0x0000000789a00000, 0x0000000789c00000, 0x0000000789c00000|100%| O|  |TAMS 0x0000000789a00000| PB 0x0000000789a00000| Untracked 
| 590|0x0000000789c00000, 0x0000000789e00000, 0x0000000789e00000|100%| O|  |TAMS 0x0000000789c00000| PB 0x0000000789c00000| Untracked 
| 591|0x0000000789e00000, 0x000000078a000000, 0x000000078a000000|100%| O|  |TAMS 0x0000000789e00000| PB 0x0000000789e00000| Untracked 
| 592|0x000000078a000000, 0x000000078a200000, 0x000000078a200000|100%| O|  |TAMS 0x000000078a000000| PB 0x000000078a000000| Untracked 
| 593|0x000000078a200000, 0x000000078a400000, 0x000000078a400000|100%| O|  |TAMS 0x000000078a200000| PB 0x000000078a200000| Untracked 
| 594|0x000000078a400000, 0x000000078a600000, 0x000000078a600000|100%| O|  |TAMS 0x000000078a400000| PB 0x000000078a400000| Untracked 
| 595|0x000000078a600000, 0x000000078a800000, 0x000000078a800000|100%| O|  |TAMS 0x000000078a600000| PB 0x000000078a600000| Untracked 
| 596|0x000000078a800000, 0x000000078aa00000, 0x000000078aa00000|100%| O|  |TAMS 0x000000078a800000| PB 0x000000078a800000| Untracked 
| 597|0x000000078aa00000, 0x000000078ac00000, 0x000000078ac00000|100%| O|  |TAMS 0x000000078aa00000| PB 0x000000078aa00000| Untracked 
| 598|0x000000078ac00000, 0x000000078ae00000, 0x000000078ae00000|100%| O|  |TAMS 0x000000078ac00000| PB 0x000000078ac00000| Untracked 
| 599|0x000000078ae00000, 0x000000078b000000, 0x000000078b000000|100%| O|  |TAMS 0x000000078ae00000| PB 0x000000078ae00000| Untracked 
| 600|0x000000078b000000, 0x000000078b200000, 0x000000078b200000|100%| O|  |TAMS 0x000000078b000000| PB 0x000000078b000000| Untracked 
| 601|0x000000078b200000, 0x000000078b400000, 0x000000078b400000|100%| O|  |TAMS 0x000000078b200000| PB 0x000000078b200000| Untracked 
| 602|0x000000078b400000, 0x000000078b600000, 0x000000078b600000|100%| O|  |TAMS 0x000000078b400000| PB 0x000000078b400000| Untracked 
| 603|0x000000078b600000, 0x000000078b800000, 0x000000078b800000|100%| O|  |TAMS 0x000000078b600000| PB 0x000000078b600000| Untracked 
| 604|0x000000078b800000, 0x000000078ba00000, 0x000000078ba00000|100%| O|  |TAMS 0x000000078b800000| PB 0x000000078b800000| Untracked 
| 605|0x000000078ba00000, 0x000000078bc00000, 0x000000078bc00000|100%| O|  |TAMS 0x000000078ba00000| PB 0x000000078ba00000| Untracked 
| 606|0x000000078bc00000, 0x000000078be00000, 0x000000078be00000|100%| O|  |TAMS 0x000000078bc00000| PB 0x000000078bc00000| Untracked 
| 607|0x000000078be00000, 0x000000078c000000, 0x000000078c000000|100%| O|  |TAMS 0x000000078be00000| PB 0x000000078be00000| Untracked 
| 608|0x000000078c000000, 0x000000078c200000, 0x000000078c200000|100%| O|  |TAMS 0x000000078c000000| PB 0x000000078c000000| Untracked 
| 609|0x000000078c200000, 0x000000078c400000, 0x000000078c400000|100%| O|  |TAMS 0x000000078c200000| PB 0x000000078c200000| Untracked 
| 610|0x000000078c400000, 0x000000078c600000, 0x000000078c600000|100%| O|  |TAMS 0x000000078c400000| PB 0x000000078c400000| Untracked 
| 611|0x000000078c600000, 0x000000078c800000, 0x000000078c800000|100%|HS|  |TAMS 0x000000078c600000| PB 0x000000078c600000| Complete 
| 612|0x000000078c800000, 0x000000078ca00000, 0x000000078ca00000|100%|HS|  |TAMS 0x000000078c800000| PB 0x000000078c800000| Complete 
| 613|0x000000078ca00000, 0x000000078cc00000, 0x000000078cc00000|100%|HS|  |TAMS 0x000000078ca00000| PB 0x000000078ca00000| Complete 
| 614|0x000000078cc00000, 0x000000078ce00000, 0x000000078ce00000|100%|HS|  |TAMS 0x000000078cc00000| PB 0x000000078cc00000| Complete 
| 615|0x000000078ce00000, 0x000000078ce00000, 0x000000078d000000|  0%| F|  |TAMS 0x000000078ce00000| PB 0x000000078ce00000| Untracked 
| 616|0x000000078d000000, 0x000000078d000000, 0x000000078d200000|  0%| F|  |TAMS 0x000000078d000000| PB 0x000000078d000000| Untracked 
| 617|0x000000078d200000, 0x000000078d200000, 0x000000078d400000|  0%| F|  |TAMS 0x000000078d200000| PB 0x000000078d200000| Untracked 
| 618|0x000000078d400000, 0x000000078d400000, 0x000000078d600000|  0%| F|  |TAMS 0x000000078d400000| PB 0x000000078d400000| Untracked 
| 619|0x000000078d600000, 0x000000078d600000, 0x000000078d800000|  0%| F|  |TAMS 0x000000078d600000| PB 0x000000078d600000| Untracked 
| 620|0x000000078d800000, 0x000000078d800000, 0x000000078da00000|  0%| F|  |TAMS 0x000000078d800000| PB 0x000000078d800000| Untracked 
| 621|0x000000078da00000, 0x000000078da00000, 0x000000078dc00000|  0%| F|  |TAMS 0x000000078da00000| PB 0x000000078da00000| Untracked 
| 622|0x000000078dc00000, 0x000000078dc00000, 0x000000078de00000|  0%| F|  |TAMS 0x000000078dc00000| PB 0x000000078dc00000| Untracked 
| 623|0x000000078de00000, 0x000000078de00000, 0x000000078e000000|  0%| F|  |TAMS 0x000000078de00000| PB 0x000000078de00000| Untracked 
| 624|0x000000078e000000, 0x000000078e000000, 0x000000078e200000|  0%| F|  |TAMS 0x000000078e000000| PB 0x000000078e000000| Untracked 
| 625|0x000000078e200000, 0x000000078e200000, 0x000000078e400000|  0%| F|  |TAMS 0x000000078e200000| PB 0x000000078e200000| Untracked 
| 626|0x000000078e400000, 0x000000078e400000, 0x000000078e600000|  0%| F|  |TAMS 0x000000078e400000| PB 0x000000078e400000| Untracked 
| 627|0x000000078e600000, 0x000000078e600000, 0x000000078e800000|  0%| F|  |TAMS 0x000000078e600000| PB 0x000000078e600000| Untracked 
| 628|0x000000078e800000, 0x000000078e800000, 0x000000078ea00000|  0%| F|  |TAMS 0x000000078e800000| PB 0x000000078e800000| Untracked 
| 629|0x000000078ea00000, 0x000000078ea00000, 0x000000078ec00000|  0%| F|  |TAMS 0x000000078ea00000| PB 0x000000078ea00000| Untracked 
| 630|0x000000078ec00000, 0x000000078ec00000, 0x000000078ee00000|  0%| F|  |TAMS 0x000000078ec00000| PB 0x000000078ec00000| Untracked 
| 631|0x000000078ee00000, 0x000000078ee00000, 0x000000078f000000|  0%| F|  |TAMS 0x000000078ee00000| PB 0x000000078ee00000| Untracked 
| 632|0x000000078f000000, 0x000000078f000000, 0x000000078f200000|  0%| F|  |TAMS 0x000000078f000000| PB 0x000000078f000000| Untracked 
| 633|0x000000078f200000, 0x000000078f200000, 0x000000078f400000|  0%| F|  |TAMS 0x000000078f200000| PB 0x000000078f200000| Untracked 
| 634|0x000000078f400000, 0x000000078f400000, 0x000000078f600000|  0%| F|  |TAMS 0x000000078f400000| PB 0x000000078f400000| Untracked 
| 635|0x000000078f600000, 0x000000078f600000, 0x000000078f800000|  0%| F|  |TAMS 0x000000078f600000| PB 0x000000078f600000| Untracked 
| 636|0x000000078f800000, 0x000000078f800000, 0x000000078fa00000|  0%| F|  |TAMS 0x000000078f800000| PB 0x000000078f800000| Untracked 
| 637|0x000000078fa00000, 0x000000078fa00000, 0x000000078fc00000|  0%| F|  |TAMS 0x000000078fa00000| PB 0x000000078fa00000| Untracked 
| 638|0x000000078fc00000, 0x000000078fc00000, 0x000000078fe00000|  0%| F|  |TAMS 0x000000078fc00000| PB 0x000000078fc00000| Untracked 
| 639|0x000000078fe00000, 0x000000078fe00000, 0x0000000790000000|  0%| F|  |TAMS 0x000000078fe00000| PB 0x000000078fe00000| Untracked 
| 640|0x0000000790000000, 0x0000000790000000, 0x0000000790200000|  0%| F|  |TAMS 0x0000000790000000| PB 0x0000000790000000| Untracked 
| 641|0x0000000790200000, 0x0000000790200000, 0x0000000790400000|  0%| F|  |TAMS 0x0000000790200000| PB 0x0000000790200000| Untracked 
| 642|0x0000000790400000, 0x0000000790400000, 0x0000000790600000|  0%| F|  |TAMS 0x0000000790400000| PB 0x0000000790400000| Untracked 
| 643|0x0000000790600000, 0x0000000790600000, 0x0000000790800000|  0%| F|  |TAMS 0x0000000790600000| PB 0x0000000790600000| Untracked 
| 644|0x0000000790800000, 0x0000000790800000, 0x0000000790a00000|  0%| F|  |TAMS 0x0000000790800000| PB 0x0000000790800000| Untracked 
| 645|0x0000000790a00000, 0x0000000790a00000, 0x0000000790c00000|  0%| F|  |TAMS 0x0000000790a00000| PB 0x0000000790a00000| Untracked 
| 646|0x0000000790c00000, 0x0000000790c00000, 0x0000000790e00000|  0%| F|  |TAMS 0x0000000790c00000| PB 0x0000000790c00000| Untracked 
| 647|0x0000000790e00000, 0x0000000790e00000, 0x0000000791000000|  0%| F|  |TAMS 0x0000000790e00000| PB 0x0000000790e00000| Untracked 
| 648|0x0000000791000000, 0x0000000791000000, 0x0000000791200000|  0%| F|  |TAMS 0x0000000791000000| PB 0x0000000791000000| Untracked 
| 649|0x0000000791200000, 0x0000000791200000, 0x0000000791400000|  0%| F|  |TAMS 0x0000000791200000| PB 0x0000000791200000| Untracked 
| 650|0x0000000791400000, 0x0000000791400000, 0x0000000791600000|  0%| F|  |TAMS 0x0000000791400000| PB 0x0000000791400000| Untracked 
| 651|0x0000000791600000, 0x0000000791600000, 0x0000000791800000|  0%| F|  |TAMS 0x0000000791600000| PB 0x0000000791600000| Untracked 
| 652|0x0000000791800000, 0x0000000791800000, 0x0000000791a00000|  0%| F|  |TAMS 0x0000000791800000| PB 0x0000000791800000| Untracked 
| 653|0x0000000791a00000, 0x0000000791a00000, 0x0000000791c00000|  0%| F|  |TAMS 0x0000000791a00000| PB 0x0000000791a00000| Untracked 
| 654|0x0000000791c00000, 0x0000000791c00000, 0x0000000791e00000|  0%| F|  |TAMS 0x0000000791c00000| PB 0x0000000791c00000| Untracked 
| 655|0x0000000791e00000, 0x0000000791e00000, 0x0000000792000000|  0%| F|  |TAMS 0x0000000791e00000| PB 0x0000000791e00000| Untracked 
| 656|0x0000000792000000, 0x0000000792000000, 0x0000000792200000|  0%| F|  |TAMS 0x0000000792000000| PB 0x0000000792000000| Untracked 
| 657|0x0000000792200000, 0x0000000792200000, 0x0000000792400000|  0%| F|  |TAMS 0x0000000792200000| PB 0x0000000792200000| Untracked 
| 658|0x0000000792400000, 0x0000000792400000, 0x0000000792600000|  0%| F|  |TAMS 0x0000000792400000| PB 0x0000000792400000| Untracked 
| 659|0x0000000792600000, 0x0000000792600000, 0x0000000792800000|  0%| F|  |TAMS 0x0000000792600000| PB 0x0000000792600000| Untracked 
| 660|0x0000000792800000, 0x0000000792800000, 0x0000000792a00000|  0%| F|  |TAMS 0x0000000792800000| PB 0x0000000792800000| Untracked 
| 661|0x0000000792a00000, 0x0000000792a00000, 0x0000000792c00000|  0%| F|  |TAMS 0x0000000792a00000| PB 0x0000000792a00000| Untracked 
| 662|0x0000000792c00000, 0x0000000792c00000, 0x0000000792e00000|  0%| F|  |TAMS 0x0000000792c00000| PB 0x0000000792c00000| Untracked 
| 663|0x0000000792e00000, 0x0000000792e00000, 0x0000000793000000|  0%| F|  |TAMS 0x0000000792e00000| PB 0x0000000792e00000| Untracked 
| 664|0x0000000793000000, 0x0000000793000000, 0x0000000793200000|  0%| F|  |TAMS 0x0000000793000000| PB 0x0000000793000000| Untracked 
| 665|0x0000000793200000, 0x0000000793200000, 0x0000000793400000|  0%| F|  |TAMS 0x0000000793200000| PB 0x0000000793200000| Untracked 
| 666|0x0000000793400000, 0x0000000793400000, 0x0000000793600000|  0%| F|  |TAMS 0x0000000793400000| PB 0x0000000793400000| Untracked 
| 667|0x0000000793600000, 0x0000000793600000, 0x0000000793800000|  0%| F|  |TAMS 0x0000000793600000| PB 0x0000000793600000| Untracked 
| 668|0x0000000793800000, 0x0000000793800000, 0x0000000793a00000|  0%| F|  |TAMS 0x0000000793800000| PB 0x0000000793800000| Untracked 
| 669|0x0000000793a00000, 0x0000000793a00000, 0x0000000793c00000|  0%| F|  |TAMS 0x0000000793a00000| PB 0x0000000793a00000| Untracked 
| 670|0x0000000793c00000, 0x0000000793c00000, 0x0000000793e00000|  0%| F|  |TAMS 0x0000000793c00000| PB 0x0000000793c00000| Untracked 
| 671|0x0000000793e00000, 0x0000000793e00000, 0x0000000794000000|  0%| F|  |TAMS 0x0000000793e00000| PB 0x0000000793e00000| Untracked 
| 672|0x0000000794000000, 0x0000000794000000, 0x0000000794200000|  0%| F|  |TAMS 0x0000000794000000| PB 0x0000000794000000| Untracked 
| 673|0x0000000794200000, 0x0000000794200000, 0x0000000794400000|  0%| F|  |TAMS 0x0000000794200000| PB 0x0000000794200000| Untracked 
| 674|0x0000000794400000, 0x0000000794400000, 0x0000000794600000|  0%| F|  |TAMS 0x0000000794400000| PB 0x0000000794400000| Untracked 
| 675|0x0000000794600000, 0x0000000794600000, 0x0000000794800000|  0%| F|  |TAMS 0x0000000794600000| PB 0x0000000794600000| Untracked 
| 676|0x0000000794800000, 0x0000000794800000, 0x0000000794a00000|  0%| F|  |TAMS 0x0000000794800000| PB 0x0000000794800000| Untracked 
| 677|0x0000000794a00000, 0x0000000794a00000, 0x0000000794c00000|  0%| F|  |TAMS 0x0000000794a00000| PB 0x0000000794a00000| Untracked 
| 678|0x0000000794c00000, 0x0000000794c00000, 0x0000000794e00000|  0%| F|  |TAMS 0x0000000794c00000| PB 0x0000000794c00000| Untracked 
| 679|0x0000000794e00000, 0x0000000794e00000, 0x0000000795000000|  0%| F|  |TAMS 0x0000000794e00000| PB 0x0000000794e00000| Untracked 
| 680|0x0000000795000000, 0x0000000795000000, 0x0000000795200000|  0%| F|  |TAMS 0x0000000795000000| PB 0x0000000795000000| Untracked 
| 681|0x0000000795200000, 0x0000000795200000, 0x0000000795400000|  0%| F|  |TAMS 0x0000000795200000| PB 0x0000000795200000| Untracked 
| 682|0x0000000795400000, 0x0000000795400000, 0x0000000795600000|  0%| F|  |TAMS 0x0000000795400000| PB 0x0000000795400000| Untracked 
| 683|0x0000000795600000, 0x0000000795600000, 0x0000000795800000|  0%| F|  |TAMS 0x0000000795600000| PB 0x0000000795600000| Untracked 
| 684|0x0000000795800000, 0x0000000795800000, 0x0000000795a00000|  0%| F|  |TAMS 0x0000000795800000| PB 0x0000000795800000| Untracked 
| 685|0x0000000795a00000, 0x0000000795a00000, 0x0000000795c00000|  0%| F|  |TAMS 0x0000000795a00000| PB 0x0000000795a00000| Untracked 
| 686|0x0000000795c00000, 0x0000000795c00000, 0x0000000795e00000|  0%| F|  |TAMS 0x0000000795c00000| PB 0x0000000795c00000| Untracked 
| 687|0x0000000795e00000, 0x0000000795e00000, 0x0000000796000000|  0%| F|  |TAMS 0x0000000795e00000| PB 0x0000000795e00000| Untracked 
| 688|0x0000000796000000, 0x0000000796000000, 0x0000000796200000|  0%| F|  |TAMS 0x0000000796000000| PB 0x0000000796000000| Untracked 
| 689|0x0000000796200000, 0x0000000796400000, 0x0000000796400000|100%| O|  |TAMS 0x0000000796200000| PB 0x0000000796200000| Untracked 
| 690|0x0000000796400000, 0x0000000796600000, 0x0000000796600000|100%| O|  |TAMS 0x0000000796400000| PB 0x0000000796400000| Untracked 
| 691|0x0000000796600000, 0x0000000796800000, 0x0000000796800000|100%| O|  |TAMS 0x0000000796600000| PB 0x0000000796600000| Untracked 
| 692|0x0000000796800000, 0x0000000796a00000, 0x0000000796a00000|100%| O|  |TAMS 0x0000000796800000| PB 0x0000000796800000| Untracked 
| 693|0x0000000796a00000, 0x0000000796c00000, 0x0000000796c00000|100%| O|  |TAMS 0x0000000796a00000| PB 0x0000000796a00000| Untracked 
| 694|0x0000000796c00000, 0x0000000796e00000, 0x0000000796e00000|100%| O|  |TAMS 0x0000000796c00000| PB 0x0000000796c00000| Untracked 
| 695|0x0000000796e00000, 0x0000000797000000, 0x0000000797000000|100%| O|  |TAMS 0x0000000796e00000| PB 0x0000000796e00000| Untracked 
| 696|0x0000000797000000, 0x0000000797200000, 0x0000000797200000|100%| O|  |TAMS 0x0000000797000000| PB 0x0000000797000000| Untracked 
| 697|0x0000000797200000, 0x0000000797400000, 0x0000000797400000|100%| O|  |TAMS 0x0000000797200000| PB 0x0000000797200000| Untracked 
| 698|0x0000000797400000, 0x0000000797600000, 0x0000000797600000|100%| O|  |TAMS 0x0000000797400000| PB 0x0000000797400000| Untracked 
| 699|0x0000000797600000, 0x0000000797800000, 0x0000000797800000|100%| O|  |TAMS 0x0000000797600000| PB 0x0000000797600000| Untracked 
| 700|0x0000000797800000, 0x0000000797a00000, 0x0000000797a00000|100%| O|  |TAMS 0x0000000797800000| PB 0x0000000797800000| Untracked 
| 701|0x0000000797a00000, 0x0000000797c00000, 0x0000000797c00000|100%| O|  |TAMS 0x0000000797a00000| PB 0x0000000797a00000| Untracked 
| 702|0x0000000797c00000, 0x0000000797e00000, 0x0000000797e00000|100%| O|  |TAMS 0x0000000797c00000| PB 0x0000000797c00000| Untracked 
| 703|0x0000000797e00000, 0x0000000798000000, 0x0000000798000000|100%| O|  |TAMS 0x0000000797e00000| PB 0x0000000797e00000| Untracked 
| 704|0x0000000798000000, 0x00000007981a2488, 0x0000000798200000| 81%| O|  |TAMS 0x0000000798000000| PB 0x0000000798000000| Updating 
| 705|0x0000000798200000, 0x0000000798200000, 0x0000000798400000|  0%| F|  |TAMS 0x0000000798200000| PB 0x0000000798200000| Untracked 
| 706|0x0000000798400000, 0x0000000798400000, 0x0000000798600000|  0%| F|  |TAMS 0x0000000798400000| PB 0x0000000798400000| Untracked 
| 707|0x0000000798600000, 0x0000000798600000, 0x0000000798800000|  0%| F|  |TAMS 0x0000000798600000| PB 0x0000000798600000| Untracked 
| 708|0x0000000798800000, 0x0000000798800000, 0x0000000798a00000|  0%| F|  |TAMS 0x0000000798800000| PB 0x0000000798800000| Untracked 
| 709|0x0000000798a00000, 0x0000000798a00000, 0x0000000798c00000|  0%| F|  |TAMS 0x0000000798a00000| PB 0x0000000798a00000| Untracked 
| 710|0x0000000798c00000, 0x0000000798c00000, 0x0000000798e00000|  0%| F|  |TAMS 0x0000000798c00000| PB 0x0000000798c00000| Untracked 
| 711|0x0000000798e00000, 0x0000000798e00000, 0x0000000799000000|  0%| F|  |TAMS 0x0000000798e00000| PB 0x0000000798e00000| Untracked 
| 712|0x0000000799000000, 0x0000000799000000, 0x0000000799200000|  0%| F|  |TAMS 0x0000000799000000| PB 0x0000000799000000| Untracked 
| 713|0x0000000799200000, 0x0000000799200000, 0x0000000799400000|  0%| F|  |TAMS 0x0000000799200000| PB 0x0000000799200000| Untracked 
| 714|0x0000000799400000, 0x0000000799400000, 0x0000000799600000|  0%| F|  |TAMS 0x0000000799400000| PB 0x0000000799400000| Untracked 
| 715|0x0000000799600000, 0x0000000799600000, 0x0000000799800000|  0%| F|  |TAMS 0x0000000799600000| PB 0x0000000799600000| Untracked 
| 716|0x0000000799800000, 0x0000000799800000, 0x0000000799a00000|  0%| F|  |TAMS 0x0000000799800000| PB 0x0000000799800000| Untracked 
| 717|0x0000000799a00000, 0x0000000799a00000, 0x0000000799c00000|  0%| F|  |TAMS 0x0000000799a00000| PB 0x0000000799a00000| Untracked 
| 718|0x0000000799c00000, 0x0000000799c00000, 0x0000000799e00000|  0%| F|  |TAMS 0x0000000799c00000| PB 0x0000000799c00000| Untracked 
| 719|0x0000000799e00000, 0x0000000799e00000, 0x000000079a000000|  0%| F|  |TAMS 0x0000000799e00000| PB 0x0000000799e00000| Untracked 
| 720|0x000000079a000000, 0x000000079a000000, 0x000000079a200000|  0%| F|  |TAMS 0x000000079a000000| PB 0x000000079a000000| Untracked 
| 721|0x000000079a200000, 0x000000079a200000, 0x000000079a400000|  0%| F|  |TAMS 0x000000079a200000| PB 0x000000079a200000| Untracked 
| 722|0x000000079a400000, 0x000000079a400000, 0x000000079a600000|  0%| F|  |TAMS 0x000000079a400000| PB 0x000000079a400000| Untracked 
| 723|0x000000079a600000, 0x000000079a600000, 0x000000079a800000|  0%| F|  |TAMS 0x000000079a600000| PB 0x000000079a600000| Untracked 
| 724|0x000000079a800000, 0x000000079a800000, 0x000000079aa00000|  0%| F|  |TAMS 0x000000079a800000| PB 0x000000079a800000| Untracked 
| 725|0x000000079aa00000, 0x000000079aa00000, 0x000000079ac00000|  0%| F|  |TAMS 0x000000079aa00000| PB 0x000000079aa00000| Untracked 
| 726|0x000000079ac00000, 0x000000079ac00000, 0x000000079ae00000|  0%| F|  |TAMS 0x000000079ac00000| PB 0x000000079ac00000| Untracked 
| 727|0x000000079ae00000, 0x000000079ae00000, 0x000000079b000000|  0%| F|  |TAMS 0x000000079ae00000| PB 0x000000079ae00000| Untracked 
| 728|0x000000079b000000, 0x000000079b000000, 0x000000079b200000|  0%| F|  |TAMS 0x000000079b000000| PB 0x000000079b000000| Untracked 
| 729|0x000000079b200000, 0x000000079b200000, 0x000000079b400000|  0%| F|  |TAMS 0x000000079b200000| PB 0x000000079b200000| Untracked 
| 730|0x000000079b400000, 0x000000079b400000, 0x000000079b600000|  0%| F|  |TAMS 0x000000079b400000| PB 0x000000079b400000| Untracked 
| 731|0x000000079b600000, 0x000000079b600000, 0x000000079b800000|  0%| F|  |TAMS 0x000000079b600000| PB 0x000000079b600000| Untracked 
| 732|0x000000079b800000, 0x000000079b800000, 0x000000079ba00000|  0%| F|  |TAMS 0x000000079b800000| PB 0x000000079b800000| Untracked 
| 733|0x000000079ba00000, 0x000000079ba00000, 0x000000079bc00000|  0%| F|  |TAMS 0x000000079ba00000| PB 0x000000079ba00000| Untracked 
| 734|0x000000079bc00000, 0x000000079bc00000, 0x000000079be00000|  0%| F|  |TAMS 0x000000079bc00000| PB 0x000000079bc00000| Untracked 
| 735|0x000000079be00000, 0x000000079be00000, 0x000000079c000000|  0%| F|  |TAMS 0x000000079be00000| PB 0x000000079be00000| Untracked 
| 736|0x000000079c000000, 0x000000079c000000, 0x000000079c200000|  0%| F|  |TAMS 0x000000079c000000| PB 0x000000079c000000| Untracked 
| 737|0x000000079c200000, 0x000000079c200000, 0x000000079c400000|  0%| F|  |TAMS 0x000000079c200000| PB 0x000000079c200000| Untracked 
| 738|0x000000079c400000, 0x000000079c400000, 0x000000079c600000|  0%| F|  |TAMS 0x000000079c400000| PB 0x000000079c400000| Untracked 
| 739|0x000000079c600000, 0x000000079c600000, 0x000000079c800000|  0%| F|  |TAMS 0x000000079c600000| PB 0x000000079c600000| Untracked 
| 740|0x000000079c800000, 0x000000079c800000, 0x000000079ca00000|  0%| F|  |TAMS 0x000000079c800000| PB 0x000000079c800000| Untracked 
| 741|0x000000079ca00000, 0x000000079ca00000, 0x000000079cc00000|  0%| F|  |TAMS 0x000000079ca00000| PB 0x000000079ca00000| Untracked 
| 742|0x000000079cc00000, 0x000000079cc00000, 0x000000079ce00000|  0%| F|  |TAMS 0x000000079cc00000| PB 0x000000079cc00000| Untracked 
| 743|0x000000079ce00000, 0x000000079ce00000, 0x000000079d000000|  0%| F|  |TAMS 0x000000079ce00000| PB 0x000000079ce00000| Untracked 
| 744|0x000000079d000000, 0x000000079d000000, 0x000000079d200000|  0%| F|  |TAMS 0x000000079d000000| PB 0x000000079d000000| Untracked 
| 745|0x000000079d200000, 0x000000079d200000, 0x000000079d400000|  0%| F|  |TAMS 0x000000079d200000| PB 0x000000079d200000| Untracked 
| 746|0x000000079d400000, 0x000000079d400000, 0x000000079d600000|  0%| F|  |TAMS 0x000000079d400000| PB 0x000000079d400000| Untracked 
| 747|0x000000079d600000, 0x000000079d600000, 0x000000079d800000|  0%| F|  |TAMS 0x000000079d600000| PB 0x000000079d600000| Untracked 
| 748|0x000000079d800000, 0x000000079d800000, 0x000000079da00000|  0%| F|  |TAMS 0x000000079d800000| PB 0x000000079d800000| Untracked 
| 749|0x000000079da00000, 0x000000079da00000, 0x000000079dc00000|  0%| F|  |TAMS 0x000000079da00000| PB 0x000000079da00000| Untracked 
| 750|0x000000079dc00000, 0x000000079dc00000, 0x000000079de00000|  0%| F|  |TAMS 0x000000079dc00000| PB 0x000000079dc00000| Untracked 
| 751|0x000000079de00000, 0x000000079de00000, 0x000000079e000000|  0%| F|  |TAMS 0x000000079de00000| PB 0x000000079de00000| Untracked 
| 752|0x000000079e000000, 0x000000079e000000, 0x000000079e200000|  0%| F|  |TAMS 0x000000079e000000| PB 0x000000079e000000| Untracked 
| 753|0x000000079e200000, 0x000000079e200000, 0x000000079e400000|  0%| F|  |TAMS 0x000000079e200000| PB 0x000000079e200000| Untracked 
| 754|0x000000079e400000, 0x000000079e400000, 0x000000079e600000|  0%| F|  |TAMS 0x000000079e400000| PB 0x000000079e400000| Untracked 
| 755|0x000000079e600000, 0x000000079e600000, 0x000000079e800000|  0%| F|  |TAMS 0x000000079e600000| PB 0x000000079e600000| Untracked 
| 756|0x000000079e800000, 0x000000079e800000, 0x000000079ea00000|  0%| F|  |TAMS 0x000000079e800000| PB 0x000000079e800000| Untracked 
| 757|0x000000079ea00000, 0x000000079ea00000, 0x000000079ec00000|  0%| F|  |TAMS 0x000000079ea00000| PB 0x000000079ea00000| Untracked 
| 758|0x000000079ec00000, 0x000000079ec00000, 0x000000079ee00000|  0%| F|  |TAMS 0x000000079ec00000| PB 0x000000079ec00000| Untracked 
| 759|0x000000079ee00000, 0x000000079ee00000, 0x000000079f000000|  0%| F|  |TAMS 0x000000079ee00000| PB 0x000000079ee00000| Untracked 
| 760|0x000000079f000000, 0x000000079f000000, 0x000000079f200000|  0%| F|  |TAMS 0x000000079f000000| PB 0x000000079f000000| Untracked 
| 761|0x000000079f200000, 0x000000079f200000, 0x000000079f400000|  0%| F|  |TAMS 0x000000079f200000| PB 0x000000079f200000| Untracked 
| 762|0x000000079f400000, 0x000000079f400000, 0x000000079f600000|  0%| F|  |TAMS 0x000000079f400000| PB 0x000000079f400000| Untracked 
| 763|0x000000079f600000, 0x000000079f600000, 0x000000079f800000|  0%| F|  |TAMS 0x000000079f600000| PB 0x000000079f600000| Untracked 
| 764|0x000000079f800000, 0x000000079f800000, 0x000000079fa00000|  0%| F|  |TAMS 0x000000079f800000| PB 0x000000079f800000| Untracked 
| 765|0x000000079fa00000, 0x000000079fa00000, 0x000000079fc00000|  0%| F|  |TAMS 0x000000079fa00000| PB 0x000000079fa00000| Untracked 
| 766|0x000000079fc00000, 0x000000079fc00000, 0x000000079fe00000|  0%| F|  |TAMS 0x000000079fc00000| PB 0x000000079fc00000| Untracked 
| 767|0x000000079fe00000, 0x000000079fe00000, 0x00000007a0000000|  0%| F|  |TAMS 0x000000079fe00000| PB 0x000000079fe00000| Untracked 
| 768|0x00000007a0000000, 0x00000007a0000000, 0x00000007a0200000|  0%| F|  |TAMS 0x00000007a0000000| PB 0x00000007a0000000| Untracked 
| 769|0x00000007a0200000, 0x00000007a0200000, 0x00000007a0400000|  0%| F|  |TAMS 0x00000007a0200000| PB 0x00000007a0200000| Untracked 
| 770|0x00000007a0400000, 0x00000007a0400000, 0x00000007a0600000|  0%| F|  |TAMS 0x00000007a0400000| PB 0x00000007a0400000| Untracked 
| 771|0x00000007a0600000, 0x00000007a0600000, 0x00000007a0800000|  0%| F|  |TAMS 0x00000007a0600000| PB 0x00000007a0600000| Untracked 
| 772|0x00000007a0800000, 0x00000007a0800000, 0x00000007a0a00000|  0%| F|  |TAMS 0x00000007a0800000| PB 0x00000007a0800000| Untracked 
| 773|0x00000007a0a00000, 0x00000007a0a00000, 0x00000007a0c00000|  0%| F|  |TAMS 0x00000007a0a00000| PB 0x00000007a0a00000| Untracked 
| 774|0x00000007a0c00000, 0x00000007a0c00000, 0x00000007a0e00000|  0%| F|  |TAMS 0x00000007a0c00000| PB 0x00000007a0c00000| Untracked 
| 775|0x00000007a0e00000, 0x00000007a0e00000, 0x00000007a1000000|  0%| F|  |TAMS 0x00000007a0e00000| PB 0x00000007a0e00000| Untracked 
| 776|0x00000007a1000000, 0x00000007a1000000, 0x00000007a1200000|  0%| F|  |TAMS 0x00000007a1000000| PB 0x00000007a1000000| Untracked 
| 777|0x00000007a1200000, 0x00000007a1200000, 0x00000007a1400000|  0%| F|  |TAMS 0x00000007a1200000| PB 0x00000007a1200000| Untracked 
| 778|0x00000007a1400000, 0x00000007a1400000, 0x00000007a1600000|  0%| F|  |TAMS 0x00000007a1400000| PB 0x00000007a1400000| Untracked 
| 779|0x00000007a1600000, 0x00000007a1600000, 0x00000007a1800000|  0%| F|  |TAMS 0x00000007a1600000| PB 0x00000007a1600000| Untracked 
| 780|0x00000007a1800000, 0x00000007a1800000, 0x00000007a1a00000|  0%| F|  |TAMS 0x00000007a1800000| PB 0x00000007a1800000| Untracked 
| 781|0x00000007a1a00000, 0x00000007a1a00000, 0x00000007a1c00000|  0%| F|  |TAMS 0x00000007a1a00000| PB 0x00000007a1a00000| Untracked 
| 782|0x00000007a1c00000, 0x00000007a1c00000, 0x00000007a1e00000|  0%| F|  |TAMS 0x00000007a1c00000| PB 0x00000007a1c00000| Untracked 
| 783|0x00000007a1e00000, 0x00000007a1e00000, 0x00000007a2000000|  0%| F|  |TAMS 0x00000007a1e00000| PB 0x00000007a1e00000| Untracked 
| 784|0x00000007a2000000, 0x00000007a2000000, 0x00000007a2200000|  0%| F|  |TAMS 0x00000007a2000000| PB 0x00000007a2000000| Untracked 
| 785|0x00000007a2200000, 0x00000007a2200000, 0x00000007a2400000|  0%| F|  |TAMS 0x00000007a2200000| PB 0x00000007a2200000| Untracked 
| 786|0x00000007a2400000, 0x00000007a2400000, 0x00000007a2600000|  0%| F|  |TAMS 0x00000007a2400000| PB 0x00000007a2400000| Untracked 
| 787|0x00000007a2600000, 0x00000007a2600000, 0x00000007a2800000|  0%| F|  |TAMS 0x00000007a2600000| PB 0x00000007a2600000| Untracked 
| 788|0x00000007a2800000, 0x00000007a2800000, 0x00000007a2a00000|  0%| F|  |TAMS 0x00000007a2800000| PB 0x00000007a2800000| Untracked 
| 789|0x00000007a2a00000, 0x00000007a2a00000, 0x00000007a2c00000|  0%| F|  |TAMS 0x00000007a2a00000| PB 0x00000007a2a00000| Untracked 
| 790|0x00000007a2c00000, 0x00000007a2c00000, 0x00000007a2e00000|  0%| F|  |TAMS 0x00000007a2c00000| PB 0x00000007a2c00000| Untracked 
| 791|0x00000007a2e00000, 0x00000007a2e00000, 0x00000007a3000000|  0%| F|  |TAMS 0x00000007a2e00000| PB 0x00000007a2e00000| Untracked 
| 792|0x00000007a3000000, 0x00000007a3000000, 0x00000007a3200000|  0%| F|  |TAMS 0x00000007a3000000| PB 0x00000007a3000000| Untracked 
| 793|0x00000007a3200000, 0x00000007a3200000, 0x00000007a3400000|  0%| F|  |TAMS 0x00000007a3200000| PB 0x00000007a3200000| Untracked 
| 794|0x00000007a3400000, 0x00000007a3400000, 0x00000007a3600000|  0%| F|  |TAMS 0x00000007a3400000| PB 0x00000007a3400000| Untracked 
| 795|0x00000007a3600000, 0x00000007a3600000, 0x00000007a3800000|  0%| F|  |TAMS 0x00000007a3600000| PB 0x00000007a3600000| Untracked 
| 796|0x00000007a3800000, 0x00000007a3800000, 0x00000007a3a00000|  0%| F|  |TAMS 0x00000007a3800000| PB 0x00000007a3800000| Untracked 
| 797|0x00000007a3a00000, 0x00000007a3a00000, 0x00000007a3c00000|  0%| F|  |TAMS 0x00000007a3a00000| PB 0x00000007a3a00000| Untracked 
| 798|0x00000007a3c00000, 0x00000007a3c00000, 0x00000007a3e00000|  0%| F|  |TAMS 0x00000007a3c00000| PB 0x00000007a3c00000| Untracked 
| 799|0x00000007a3e00000, 0x00000007a3e00000, 0x00000007a4000000|  0%| F|  |TAMS 0x00000007a3e00000| PB 0x00000007a3e00000| Untracked 
| 800|0x00000007a4000000, 0x00000007a4000000, 0x00000007a4200000|  0%| F|  |TAMS 0x00000007a4000000| PB 0x00000007a4000000| Untracked 
| 801|0x00000007a4200000, 0x00000007a4200000, 0x00000007a4400000|  0%| F|  |TAMS 0x00000007a4200000| PB 0x00000007a4200000| Untracked 
| 802|0x00000007a4400000, 0x00000007a4400000, 0x00000007a4600000|  0%| F|  |TAMS 0x00000007a4400000| PB 0x00000007a4400000| Untracked 
| 803|0x00000007a4600000, 0x00000007a4600000, 0x00000007a4800000|  0%| F|  |TAMS 0x00000007a4600000| PB 0x00000007a4600000| Untracked 
| 804|0x00000007a4800000, 0x00000007a4800000, 0x00000007a4a00000|  0%| F|  |TAMS 0x00000007a4800000| PB 0x00000007a4800000| Untracked 
| 805|0x00000007a4a00000, 0x00000007a4a00000, 0x00000007a4c00000|  0%| F|  |TAMS 0x00000007a4a00000| PB 0x00000007a4a00000| Untracked 
| 806|0x00000007a4c00000, 0x00000007a4c00000, 0x00000007a4e00000|  0%| F|  |TAMS 0x00000007a4c00000| PB 0x00000007a4c00000| Untracked 
| 807|0x00000007a4e00000, 0x00000007a4e00000, 0x00000007a5000000|  0%| F|  |TAMS 0x00000007a4e00000| PB 0x00000007a4e00000| Untracked 
| 808|0x00000007a5000000, 0x00000007a5000000, 0x00000007a5200000|  0%| F|  |TAMS 0x00000007a5000000| PB 0x00000007a5000000| Untracked 
| 809|0x00000007a5200000, 0x00000007a5200000, 0x00000007a5400000|  0%| F|  |TAMS 0x00000007a5200000| PB 0x00000007a5200000| Untracked 
| 810|0x00000007a5400000, 0x00000007a5400000, 0x00000007a5600000|  0%| F|  |TAMS 0x00000007a5400000| PB 0x00000007a5400000| Untracked 
| 811|0x00000007a5600000, 0x00000007a5600000, 0x00000007a5800000|  0%| F|  |TAMS 0x00000007a5600000| PB 0x00000007a5600000| Untracked 
| 812|0x00000007a5800000, 0x00000007a5800000, 0x00000007a5a00000|  0%| F|  |TAMS 0x00000007a5800000| PB 0x00000007a5800000| Untracked 
| 813|0x00000007a5a00000, 0x00000007a5a00000, 0x00000007a5c00000|  0%| F|  |TAMS 0x00000007a5a00000| PB 0x00000007a5a00000| Untracked 
| 814|0x00000007a5c00000, 0x00000007a5c00000, 0x00000007a5e00000|  0%| F|  |TAMS 0x00000007a5c00000| PB 0x00000007a5c00000| Untracked 
| 815|0x00000007a5e00000, 0x00000007a5e00000, 0x00000007a6000000|  0%| F|  |TAMS 0x00000007a5e00000| PB 0x00000007a5e00000| Untracked 
| 816|0x00000007a6000000, 0x00000007a6000000, 0x00000007a6200000|  0%| F|  |TAMS 0x00000007a6000000| PB 0x00000007a6000000| Untracked 
| 817|0x00000007a6200000, 0x00000007a6200000, 0x00000007a6400000|  0%| F|  |TAMS 0x00000007a6200000| PB 0x00000007a6200000| Untracked 
| 818|0x00000007a6400000, 0x00000007a6400000, 0x00000007a6600000|  0%| F|  |TAMS 0x00000007a6400000| PB 0x00000007a6400000| Untracked 
| 819|0x00000007a6600000, 0x00000007a6600000, 0x00000007a6800000|  0%| F|  |TAMS 0x00000007a6600000| PB 0x00000007a6600000| Untracked 
| 820|0x00000007a6800000, 0x00000007a6800000, 0x00000007a6a00000|  0%| F|  |TAMS 0x00000007a6800000| PB 0x00000007a6800000| Untracked 
| 821|0x00000007a6a00000, 0x00000007a6a00000, 0x00000007a6c00000|  0%| F|  |TAMS 0x00000007a6a00000| PB 0x00000007a6a00000| Untracked 
| 822|0x00000007a6c00000, 0x00000007a6c00000, 0x00000007a6e00000|  0%| F|  |TAMS 0x00000007a6c00000| PB 0x00000007a6c00000| Untracked 
| 823|0x00000007a6e00000, 0x00000007a6e00000, 0x00000007a7000000|  0%| F|  |TAMS 0x00000007a6e00000| PB 0x00000007a6e00000| Untracked 
| 824|0x00000007a7000000, 0x00000007a7000000, 0x00000007a7200000|  0%| F|  |TAMS 0x00000007a7000000| PB 0x00000007a7000000| Untracked 
| 825|0x00000007a7200000, 0x00000007a7200000, 0x00000007a7400000|  0%| F|  |TAMS 0x00000007a7200000| PB 0x00000007a7200000| Untracked 
| 826|0x00000007a7400000, 0x00000007a7400000, 0x00000007a7600000|  0%| F|  |TAMS 0x00000007a7400000| PB 0x00000007a7400000| Untracked 
| 827|0x00000007a7600000, 0x00000007a7600000, 0x00000007a7800000|  0%| F|  |TAMS 0x00000007a7600000| PB 0x00000007a7600000| Untracked 
| 828|0x00000007a7800000, 0x00000007a7800000, 0x00000007a7a00000|  0%| F|  |TAMS 0x00000007a7800000| PB 0x00000007a7800000| Untracked 
| 829|0x00000007a7a00000, 0x00000007a7a00000, 0x00000007a7c00000|  0%| F|  |TAMS 0x00000007a7a00000| PB 0x00000007a7a00000| Untracked 
| 830|0x00000007a7c00000, 0x00000007a7c00000, 0x00000007a7e00000|  0%| F|  |TAMS 0x00000007a7c00000| PB 0x00000007a7c00000| Untracked 
| 831|0x00000007a7e00000, 0x00000007a7e00000, 0x00000007a8000000|  0%| F|  |TAMS 0x00000007a7e00000| PB 0x00000007a7e00000| Untracked 
| 832|0x00000007a8000000, 0x00000007a8000000, 0x00000007a8200000|  0%| F|  |TAMS 0x00000007a8000000| PB 0x00000007a8000000| Untracked 
| 833|0x00000007a8200000, 0x00000007a8200000, 0x00000007a8400000|  0%| F|  |TAMS 0x00000007a8200000| PB 0x00000007a8200000| Untracked 
| 834|0x00000007a8400000, 0x00000007a8400000, 0x00000007a8600000|  0%| F|  |TAMS 0x00000007a8400000| PB 0x00000007a8400000| Untracked 
| 835|0x00000007a8600000, 0x00000007a8600000, 0x00000007a8800000|  0%| F|  |TAMS 0x00000007a8600000| PB 0x00000007a8600000| Untracked 
| 836|0x00000007a8800000, 0x00000007a8800000, 0x00000007a8a00000|  0%| F|  |TAMS 0x00000007a8800000| PB 0x00000007a8800000| Untracked 
| 837|0x00000007a8a00000, 0x00000007a8a00000, 0x00000007a8c00000|  0%| F|  |TAMS 0x00000007a8a00000| PB 0x00000007a8a00000| Untracked 
| 838|0x00000007a8c00000, 0x00000007a8c00000, 0x00000007a8e00000|  0%| F|  |TAMS 0x00000007a8c00000| PB 0x00000007a8c00000| Untracked 
| 839|0x00000007a8e00000, 0x00000007a8e00000, 0x00000007a9000000|  0%| F|  |TAMS 0x00000007a8e00000| PB 0x00000007a8e00000| Untracked 
| 840|0x00000007a9000000, 0x00000007a9000000, 0x00000007a9200000|  0%| F|  |TAMS 0x00000007a9000000| PB 0x00000007a9000000| Untracked 
| 841|0x00000007a9200000, 0x00000007a9200000, 0x00000007a9400000|  0%| F|  |TAMS 0x00000007a9200000| PB 0x00000007a9200000| Untracked 
| 842|0x00000007a9400000, 0x00000007a9400000, 0x00000007a9600000|  0%| F|  |TAMS 0x00000007a9400000| PB 0x00000007a9400000| Untracked 
| 843|0x00000007a9600000, 0x00000007a9600000, 0x00000007a9800000|  0%| F|  |TAMS 0x00000007a9600000| PB 0x00000007a9600000| Untracked 
| 844|0x00000007a9800000, 0x00000007a9800000, 0x00000007a9a00000|  0%| F|  |TAMS 0x00000007a9800000| PB 0x00000007a9800000| Untracked 
| 845|0x00000007a9a00000, 0x00000007a9a00000, 0x00000007a9c00000|  0%| F|  |TAMS 0x00000007a9a00000| PB 0x00000007a9a00000| Untracked 
| 846|0x00000007a9c00000, 0x00000007a9c00000, 0x00000007a9e00000|  0%| F|  |TAMS 0x00000007a9c00000| PB 0x00000007a9c00000| Untracked 
| 847|0x00000007a9e00000, 0x00000007a9e00000, 0x00000007aa000000|  0%| F|  |TAMS 0x00000007a9e00000| PB 0x00000007a9e00000| Untracked 
| 848|0x00000007aa000000, 0x00000007aa000000, 0x00000007aa200000|  0%| F|  |TAMS 0x00000007aa000000| PB 0x00000007aa000000| Untracked 
| 849|0x00000007aa200000, 0x00000007aa200000, 0x00000007aa400000|  0%| F|  |TAMS 0x00000007aa200000| PB 0x00000007aa200000| Untracked 
| 850|0x00000007aa400000, 0x00000007aa400000, 0x00000007aa600000|  0%| F|  |TAMS 0x00000007aa400000| PB 0x00000007aa400000| Untracked 
| 851|0x00000007aa600000, 0x00000007aa600000, 0x00000007aa800000|  0%| F|  |TAMS 0x00000007aa600000| PB 0x00000007aa600000| Untracked 
| 852|0x00000007aa800000, 0x00000007aa800000, 0x00000007aaa00000|  0%| F|  |TAMS 0x00000007aa800000| PB 0x00000007aa800000| Untracked 
| 853|0x00000007aaa00000, 0x00000007aaa00000, 0x00000007aac00000|  0%| F|  |TAMS 0x00000007aaa00000| PB 0x00000007aaa00000| Untracked 
| 854|0x00000007aac00000, 0x00000007aac00000, 0x00000007aae00000|  0%| F|  |TAMS 0x00000007aac00000| PB 0x00000007aac00000| Untracked 
| 855|0x00000007aae00000, 0x00000007aae00000, 0x00000007ab000000|  0%| F|  |TAMS 0x00000007aae00000| PB 0x00000007aae00000| Untracked 
| 856|0x00000007ab000000, 0x00000007ab000000, 0x00000007ab200000|  0%| F|  |TAMS 0x00000007ab000000| PB 0x00000007ab000000| Untracked 
| 857|0x00000007ab200000, 0x00000007ab200000, 0x00000007ab400000|  0%| F|  |TAMS 0x00000007ab200000| PB 0x00000007ab200000| Untracked 
| 858|0x00000007ab400000, 0x00000007ab400000, 0x00000007ab600000|  0%| F|  |TAMS 0x00000007ab400000| PB 0x00000007ab400000| Untracked 
| 859|0x00000007ab600000, 0x00000007ab600000, 0x00000007ab800000|  0%| F|  |TAMS 0x00000007ab600000| PB 0x00000007ab600000| Untracked 
| 860|0x00000007ab800000, 0x00000007ab800000, 0x00000007aba00000|  0%| F|  |TAMS 0x00000007ab800000| PB 0x00000007ab800000| Untracked 
| 861|0x00000007aba00000, 0x00000007aba00000, 0x00000007abc00000|  0%| F|  |TAMS 0x00000007aba00000| PB 0x00000007aba00000| Untracked 
| 862|0x00000007abc00000, 0x00000007abc00000, 0x00000007abe00000|  0%| F|  |TAMS 0x00000007abc00000| PB 0x00000007abc00000| Untracked 
| 863|0x00000007abe00000, 0x00000007abe00000, 0x00000007ac000000|  0%| F|  |TAMS 0x00000007abe00000| PB 0x00000007abe00000| Untracked 
| 864|0x00000007ac000000, 0x00000007ac000000, 0x00000007ac200000|  0%| F|  |TAMS 0x00000007ac000000| PB 0x00000007ac000000| Untracked 
| 865|0x00000007ac200000, 0x00000007ac200000, 0x00000007ac400000|  0%| F|  |TAMS 0x00000007ac200000| PB 0x00000007ac200000| Untracked 
| 866|0x00000007ac400000, 0x00000007ac400000, 0x00000007ac600000|  0%| F|  |TAMS 0x00000007ac400000| PB 0x00000007ac400000| Untracked 
| 867|0x00000007ac600000, 0x00000007ac600000, 0x00000007ac800000|  0%| F|  |TAMS 0x00000007ac600000| PB 0x00000007ac600000| Untracked 
| 868|0x00000007ac800000, 0x00000007ac800000, 0x00000007aca00000|  0%| F|  |TAMS 0x00000007ac800000| PB 0x00000007ac800000| Untracked 
| 869|0x00000007aca00000, 0x00000007aca00000, 0x00000007acc00000|  0%| F|  |TAMS 0x00000007aca00000| PB 0x00000007aca00000| Untracked 
| 870|0x00000007acc00000, 0x00000007acc00000, 0x00000007ace00000|  0%| F|  |TAMS 0x00000007acc00000| PB 0x00000007acc00000| Untracked 
| 871|0x00000007ace00000, 0x00000007ace00000, 0x00000007ad000000|  0%| F|  |TAMS 0x00000007ace00000| PB 0x00000007ace00000| Untracked 
| 872|0x00000007ad000000, 0x00000007ad000000, 0x00000007ad200000|  0%| F|  |TAMS 0x00000007ad000000| PB 0x00000007ad000000| Untracked 
| 873|0x00000007ad200000, 0x00000007ad200000, 0x00000007ad400000|  0%| F|  |TAMS 0x00000007ad200000| PB 0x00000007ad200000| Untracked 
| 874|0x00000007ad400000, 0x00000007ad400000, 0x00000007ad600000|  0%| F|  |TAMS 0x00000007ad400000| PB 0x00000007ad400000| Untracked 
| 875|0x00000007ad600000, 0x00000007ad600000, 0x00000007ad800000|  0%| F|  |TAMS 0x00000007ad600000| PB 0x00000007ad600000| Untracked 
| 876|0x00000007ad800000, 0x00000007ad800000, 0x00000007ada00000|  0%| F|  |TAMS 0x00000007ad800000| PB 0x00000007ad800000| Untracked 
| 877|0x00000007ada00000, 0x00000007ada00000, 0x00000007adc00000|  0%| F|  |TAMS 0x00000007ada00000| PB 0x00000007ada00000| Untracked 
| 878|0x00000007adc00000, 0x00000007adc00000, 0x00000007ade00000|  0%| F|  |TAMS 0x00000007adc00000| PB 0x00000007adc00000| Untracked 
| 879|0x00000007ade00000, 0x00000007ade00000, 0x00000007ae000000|  0%| F|  |TAMS 0x00000007ade00000| PB 0x00000007ade00000| Untracked 
| 880|0x00000007ae000000, 0x00000007ae000000, 0x00000007ae200000|  0%| F|  |TAMS 0x00000007ae000000| PB 0x00000007ae000000| Untracked 
| 881|0x00000007ae200000, 0x00000007ae200000, 0x00000007ae400000|  0%| F|  |TAMS 0x00000007ae200000| PB 0x00000007ae200000| Untracked 
| 882|0x00000007ae400000, 0x00000007ae400000, 0x00000007ae600000|  0%| F|  |TAMS 0x00000007ae400000| PB 0x00000007ae400000| Untracked 
| 883|0x00000007ae600000, 0x00000007ae600000, 0x00000007ae800000|  0%| F|  |TAMS 0x00000007ae600000| PB 0x00000007ae600000| Untracked 
| 884|0x00000007ae800000, 0x00000007ae800000, 0x00000007aea00000|  0%| F|  |TAMS 0x00000007ae800000| PB 0x00000007ae800000| Untracked 
| 885|0x00000007aea00000, 0x00000007aea00000, 0x00000007aec00000|  0%| F|  |TAMS 0x00000007aea00000| PB 0x00000007aea00000| Untracked 
| 886|0x00000007aec00000, 0x00000007aec00000, 0x00000007aee00000|  0%| F|  |TAMS 0x00000007aec00000| PB 0x00000007aec00000| Untracked 
| 887|0x00000007aee00000, 0x00000007aee00000, 0x00000007af000000|  0%| F|  |TAMS 0x00000007aee00000| PB 0x00000007aee00000| Untracked 
| 888|0x00000007af000000, 0x00000007af000000, 0x00000007af200000|  0%| F|  |TAMS 0x00000007af000000| PB 0x00000007af000000| Untracked 
| 889|0x00000007af200000, 0x00000007af200000, 0x00000007af400000|  0%| F|  |TAMS 0x00000007af200000| PB 0x00000007af200000| Untracked 
| 890|0x00000007af400000, 0x00000007af400000, 0x00000007af600000|  0%| F|  |TAMS 0x00000007af400000| PB 0x00000007af400000| Untracked 
| 891|0x00000007af600000, 0x00000007af600000, 0x00000007af800000|  0%| F|  |TAMS 0x00000007af600000| PB 0x00000007af600000| Untracked 
| 892|0x00000007af800000, 0x00000007af800000, 0x00000007afa00000|  0%| F|  |TAMS 0x00000007af800000| PB 0x00000007af800000| Untracked 
| 893|0x00000007afa00000, 0x00000007afa00000, 0x00000007afc00000|  0%| F|  |TAMS 0x00000007afa00000| PB 0x00000007afa00000| Untracked 
| 894|0x00000007afc00000, 0x00000007afc00000, 0x00000007afe00000|  0%| F|  |TAMS 0x00000007afc00000| PB 0x00000007afc00000| Untracked 
| 895|0x00000007afe00000, 0x00000007afe00000, 0x00000007b0000000|  0%| F|  |TAMS 0x00000007afe00000| PB 0x00000007afe00000| Untracked 
| 896|0x00000007b0000000, 0x00000007b0000000, 0x00000007b0200000|  0%| F|  |TAMS 0x00000007b0000000| PB 0x00000007b0000000| Untracked 
| 897|0x00000007b0200000, 0x00000007b0200000, 0x00000007b0400000|  0%| F|  |TAMS 0x00000007b0200000| PB 0x00000007b0200000| Untracked 
| 898|0x00000007b0400000, 0x00000007b0400000, 0x00000007b0600000|  0%| F|  |TAMS 0x00000007b0400000| PB 0x00000007b0400000| Untracked 
| 899|0x00000007b0600000, 0x00000007b0600000, 0x00000007b0800000|  0%| F|  |TAMS 0x00000007b0600000| PB 0x00000007b0600000| Untracked 
| 900|0x00000007b0800000, 0x00000007b0800000, 0x00000007b0a00000|  0%| F|  |TAMS 0x00000007b0800000| PB 0x00000007b0800000| Untracked 
| 901|0x00000007b0a00000, 0x00000007b0a00000, 0x00000007b0c00000|  0%| F|  |TAMS 0x00000007b0a00000| PB 0x00000007b0a00000| Untracked 
| 902|0x00000007b0c00000, 0x00000007b0c00000, 0x00000007b0e00000|  0%| F|  |TAMS 0x00000007b0c00000| PB 0x00000007b0c00000| Untracked 
| 903|0x00000007b0e00000, 0x00000007b0e00000, 0x00000007b1000000|  0%| F|  |TAMS 0x00000007b0e00000| PB 0x00000007b0e00000| Untracked 
| 904|0x00000007b1000000, 0x00000007b1000000, 0x00000007b1200000|  0%| F|  |TAMS 0x00000007b1000000| PB 0x00000007b1000000| Untracked 
| 905|0x00000007b1200000, 0x00000007b1200000, 0x00000007b1400000|  0%| F|  |TAMS 0x00000007b1200000| PB 0x00000007b1200000| Untracked 
| 906|0x00000007b1400000, 0x00000007b1400000, 0x00000007b1600000|  0%| F|  |TAMS 0x00000007b1400000| PB 0x00000007b1400000| Untracked 
| 907|0x00000007b1600000, 0x00000007b1600000, 0x00000007b1800000|  0%| F|  |TAMS 0x00000007b1600000| PB 0x00000007b1600000| Untracked 
| 908|0x00000007b1800000, 0x00000007b1800000, 0x00000007b1a00000|  0%| F|  |TAMS 0x00000007b1800000| PB 0x00000007b1800000| Untracked 
| 909|0x00000007b1a00000, 0x00000007b1a00000, 0x00000007b1c00000|  0%| F|  |TAMS 0x00000007b1a00000| PB 0x00000007b1a00000| Untracked 
| 910|0x00000007b1c00000, 0x00000007b1c00000, 0x00000007b1e00000|  0%| F|  |TAMS 0x00000007b1c00000| PB 0x00000007b1c00000| Untracked 
| 911|0x00000007b1e00000, 0x00000007b1e00000, 0x00000007b2000000|  0%| F|  |TAMS 0x00000007b1e00000| PB 0x00000007b1e00000| Untracked 
| 912|0x00000007b2000000, 0x00000007b2000000, 0x00000007b2200000|  0%| F|  |TAMS 0x00000007b2000000| PB 0x00000007b2000000| Untracked 
| 913|0x00000007b2200000, 0x00000007b2200000, 0x00000007b2400000|  0%| F|  |TAMS 0x00000007b2200000| PB 0x00000007b2200000| Untracked 
| 914|0x00000007b2400000, 0x00000007b2400000, 0x00000007b2600000|  0%| F|  |TAMS 0x00000007b2400000| PB 0x00000007b2400000| Untracked 
| 915|0x00000007b2600000, 0x00000007b2600000, 0x00000007b2800000|  0%| F|  |TAMS 0x00000007b2600000| PB 0x00000007b2600000| Untracked 
| 916|0x00000007b2800000, 0x00000007b2800000, 0x00000007b2a00000|  0%| F|  |TAMS 0x00000007b2800000| PB 0x00000007b2800000| Untracked 
| 917|0x00000007b2a00000, 0x00000007b2a00000, 0x00000007b2c00000|  0%| F|  |TAMS 0x00000007b2a00000| PB 0x00000007b2a00000| Untracked 
| 918|0x00000007b2c00000, 0x00000007b2c00000, 0x00000007b2e00000|  0%| F|  |TAMS 0x00000007b2c00000| PB 0x00000007b2c00000| Untracked 
| 919|0x00000007b2e00000, 0x00000007b2e00000, 0x00000007b3000000|  0%| F|  |TAMS 0x00000007b2e00000| PB 0x00000007b2e00000| Untracked 
| 920|0x00000007b3000000, 0x00000007b3000000, 0x00000007b3200000|  0%| F|  |TAMS 0x00000007b3000000| PB 0x00000007b3000000| Untracked 
| 921|0x00000007b3200000, 0x00000007b3200000, 0x00000007b3400000|  0%| F|  |TAMS 0x00000007b3200000| PB 0x00000007b3200000| Untracked 
| 922|0x00000007b3400000, 0x00000007b3400000, 0x00000007b3600000|  0%| F|  |TAMS 0x00000007b3400000| PB 0x00000007b3400000| Untracked 
| 923|0x00000007b3600000, 0x00000007b3600000, 0x00000007b3800000|  0%| F|  |TAMS 0x00000007b3600000| PB 0x00000007b3600000| Untracked 
| 924|0x00000007b3800000, 0x00000007b3800000, 0x00000007b3a00000|  0%| F|  |TAMS 0x00000007b3800000| PB 0x00000007b3800000| Untracked 
| 925|0x00000007b3a00000, 0x00000007b3a00000, 0x00000007b3c00000|  0%| F|  |TAMS 0x00000007b3a00000| PB 0x00000007b3a00000| Untracked 
| 926|0x00000007b3c00000, 0x00000007b3c00000, 0x00000007b3e00000|  0%| F|  |TAMS 0x00000007b3c00000| PB 0x00000007b3c00000| Untracked 
| 927|0x00000007b3e00000, 0x00000007b3e00000, 0x00000007b4000000|  0%| F|  |TAMS 0x00000007b3e00000| PB 0x00000007b3e00000| Untracked 
| 928|0x00000007b4000000, 0x00000007b4000000, 0x00000007b4200000|  0%| F|  |TAMS 0x00000007b4000000| PB 0x00000007b4000000| Untracked 
| 929|0x00000007b4200000, 0x00000007b4200000, 0x00000007b4400000|  0%| F|  |TAMS 0x00000007b4200000| PB 0x00000007b4200000| Untracked 
| 930|0x00000007b4400000, 0x00000007b4400000, 0x00000007b4600000|  0%| F|  |TAMS 0x00000007b4400000| PB 0x00000007b4400000| Untracked 
| 931|0x00000007b4600000, 0x00000007b4600000, 0x00000007b4800000|  0%| F|  |TAMS 0x00000007b4600000| PB 0x00000007b4600000| Untracked 
| 932|0x00000007b4800000, 0x00000007b4800000, 0x00000007b4a00000|  0%| F|  |TAMS 0x00000007b4800000| PB 0x00000007b4800000| Untracked 
| 933|0x00000007b4a00000, 0x00000007b4a00000, 0x00000007b4c00000|  0%| F|  |TAMS 0x00000007b4a00000| PB 0x00000007b4a00000| Untracked 
| 934|0x00000007b4c00000, 0x00000007b4c00000, 0x00000007b4e00000|  0%| F|  |TAMS 0x00000007b4c00000| PB 0x00000007b4c00000| Untracked 
| 935|0x00000007b4e00000, 0x00000007b4e00000, 0x00000007b5000000|  0%| F|  |TAMS 0x00000007b4e00000| PB 0x00000007b4e00000| Untracked 
| 936|0x00000007b5000000, 0x00000007b5000000, 0x00000007b5200000|  0%| F|  |TAMS 0x00000007b5000000| PB 0x00000007b5000000| Untracked 
| 937|0x00000007b5200000, 0x00000007b5200000, 0x00000007b5400000|  0%| F|  |TAMS 0x00000007b5200000| PB 0x00000007b5200000| Untracked 
| 938|0x00000007b5400000, 0x00000007b5400000, 0x00000007b5600000|  0%| F|  |TAMS 0x00000007b5400000| PB 0x00000007b5400000| Untracked 
| 939|0x00000007b5600000, 0x00000007b5600000, 0x00000007b5800000|  0%| F|  |TAMS 0x00000007b5600000| PB 0x00000007b5600000| Untracked 
| 940|0x00000007b5800000, 0x00000007b5800000, 0x00000007b5a00000|  0%| F|  |TAMS 0x00000007b5800000| PB 0x00000007b5800000| Untracked 
| 941|0x00000007b5a00000, 0x00000007b5a00000, 0x00000007b5c00000|  0%| F|  |TAMS 0x00000007b5a00000| PB 0x00000007b5a00000| Untracked 
| 942|0x00000007b5c00000, 0x00000007b5c00000, 0x00000007b5e00000|  0%| F|  |TAMS 0x00000007b5c00000| PB 0x00000007b5c00000| Untracked 
| 943|0x00000007b5e00000, 0x00000007b5e00000, 0x00000007b6000000|  0%| F|  |TAMS 0x00000007b5e00000| PB 0x00000007b5e00000| Untracked 
| 944|0x00000007b6000000, 0x00000007b6000000, 0x00000007b6200000|  0%| F|  |TAMS 0x00000007b6000000| PB 0x00000007b6000000| Untracked 
| 945|0x00000007b6200000, 0x00000007b6200000, 0x00000007b6400000|  0%| F|  |TAMS 0x00000007b6200000| PB 0x00000007b6200000| Untracked 
| 946|0x00000007b6400000, 0x00000007b6400000, 0x00000007b6600000|  0%| F|  |TAMS 0x00000007b6400000| PB 0x00000007b6400000| Untracked 
| 947|0x00000007b6600000, 0x00000007b6600000, 0x00000007b6800000|  0%| F|  |TAMS 0x00000007b6600000| PB 0x00000007b6600000| Untracked 
| 948|0x00000007b6800000, 0x00000007b6800000, 0x00000007b6a00000|  0%| F|  |TAMS 0x00000007b6800000| PB 0x00000007b6800000| Untracked 
| 949|0x00000007b6a00000, 0x00000007b6a00000, 0x00000007b6c00000|  0%| F|  |TAMS 0x00000007b6a00000| PB 0x00000007b6a00000| Untracked 
| 950|0x00000007b6c00000, 0x00000007b6c00000, 0x00000007b6e00000|  0%| F|  |TAMS 0x00000007b6c00000| PB 0x00000007b6c00000| Untracked 
| 951|0x00000007b6e00000, 0x00000007b6e00000, 0x00000007b7000000|  0%| F|  |TAMS 0x00000007b6e00000| PB 0x00000007b6e00000| Untracked 
| 952|0x00000007b7000000, 0x00000007b7000000, 0x00000007b7200000|  0%| F|  |TAMS 0x00000007b7000000| PB 0x00000007b7000000| Untracked 
| 953|0x00000007b7200000, 0x00000007b7200000, 0x00000007b7400000|  0%| F|  |TAMS 0x00000007b7200000| PB 0x00000007b7200000| Untracked 
| 954|0x00000007b7400000, 0x00000007b7400000, 0x00000007b7600000|  0%| F|  |TAMS 0x00000007b7400000| PB 0x00000007b7400000| Untracked 
| 955|0x00000007b7600000, 0x00000007b7600000, 0x00000007b7800000|  0%| F|  |TAMS 0x00000007b7600000| PB 0x00000007b7600000| Untracked 
| 956|0x00000007b7800000, 0x00000007b7800000, 0x00000007b7a00000|  0%| F|  |TAMS 0x00000007b7800000| PB 0x00000007b7800000| Untracked 
| 957|0x00000007b7a00000, 0x00000007b7a00000, 0x00000007b7c00000|  0%| F|  |TAMS 0x00000007b7a00000| PB 0x00000007b7a00000| Untracked 
| 958|0x00000007b7c00000, 0x00000007b7c00000, 0x00000007b7e00000|  0%| F|  |TAMS 0x00000007b7c00000| PB 0x00000007b7c00000| Untracked 
| 959|0x00000007b7e00000, 0x00000007b7e00000, 0x00000007b8000000|  0%| F|  |TAMS 0x00000007b7e00000| PB 0x00000007b7e00000| Untracked 
| 960|0x00000007b8000000, 0x00000007b8000000, 0x00000007b8200000|  0%| F|  |TAMS 0x00000007b8000000| PB 0x00000007b8000000| Untracked 
| 961|0x00000007b8200000, 0x00000007b8200000, 0x00000007b8400000|  0%| F|  |TAMS 0x00000007b8200000| PB 0x00000007b8200000| Untracked 
| 962|0x00000007b8400000, 0x00000007b8400000, 0x00000007b8600000|  0%| F|  |TAMS 0x00000007b8400000| PB 0x00000007b8400000| Untracked 
| 963|0x00000007b8600000, 0x00000007b8600000, 0x00000007b8800000|  0%| F|  |TAMS 0x00000007b8600000| PB 0x00000007b8600000| Untracked 
| 964|0x00000007b8800000, 0x00000007b8800000, 0x00000007b8a00000|  0%| F|  |TAMS 0x00000007b8800000| PB 0x00000007b8800000| Untracked 
| 965|0x00000007b8a00000, 0x00000007b8a00000, 0x00000007b8c00000|  0%| F|  |TAMS 0x00000007b8a00000| PB 0x00000007b8a00000| Untracked 
| 966|0x00000007b8c00000, 0x00000007b8c00000, 0x00000007b8e00000|  0%| F|  |TAMS 0x00000007b8c00000| PB 0x00000007b8c00000| Untracked 
| 967|0x00000007b8e00000, 0x00000007b8e00000, 0x00000007b9000000|  0%| F|  |TAMS 0x00000007b8e00000| PB 0x00000007b8e00000| Untracked 
| 968|0x00000007b9000000, 0x00000007b9000000, 0x00000007b9200000|  0%| F|  |TAMS 0x00000007b9000000| PB 0x00000007b9000000| Untracked 
| 969|0x00000007b9200000, 0x00000007b9200000, 0x00000007b9400000|  0%| F|  |TAMS 0x00000007b9200000| PB 0x00000007b9200000| Untracked 
| 970|0x00000007b9400000, 0x00000007b9400000, 0x00000007b9600000|  0%| F|  |TAMS 0x00000007b9400000| PB 0x00000007b9400000| Untracked 
| 971|0x00000007b9600000, 0x00000007b9600000, 0x00000007b9800000|  0%| F|  |TAMS 0x00000007b9600000| PB 0x00000007b9600000| Untracked 
| 972|0x00000007b9800000, 0x00000007b9800000, 0x00000007b9a00000|  0%| F|  |TAMS 0x00000007b9800000| PB 0x00000007b9800000| Untracked 
| 973|0x00000007b9a00000, 0x00000007b9a00000, 0x00000007b9c00000|  0%| F|  |TAMS 0x00000007b9a00000| PB 0x00000007b9a00000| Untracked 
| 974|0x00000007b9c00000, 0x00000007b9c00000, 0x00000007b9e00000|  0%| F|  |TAMS 0x00000007b9c00000| PB 0x00000007b9c00000| Untracked 
| 975|0x00000007b9e00000, 0x00000007b9e00000, 0x00000007ba000000|  0%| F|  |TAMS 0x00000007b9e00000| PB 0x00000007b9e00000| Untracked 
| 976|0x00000007ba000000, 0x00000007ba000000, 0x00000007ba200000|  0%| F|  |TAMS 0x00000007ba000000| PB 0x00000007ba000000| Untracked 
| 977|0x00000007ba200000, 0x00000007ba200000, 0x00000007ba400000|  0%| F|  |TAMS 0x00000007ba200000| PB 0x00000007ba200000| Untracked 
| 978|0x00000007ba400000, 0x00000007ba400000, 0x00000007ba600000|  0%| F|  |TAMS 0x00000007ba400000| PB 0x00000007ba400000| Untracked 
| 979|0x00000007ba600000, 0x00000007ba600000, 0x00000007ba800000|  0%| F|  |TAMS 0x00000007ba600000| PB 0x00000007ba600000| Untracked 
| 980|0x00000007ba800000, 0x00000007ba800000, 0x00000007baa00000|  0%| F|  |TAMS 0x00000007ba800000| PB 0x00000007ba800000| Untracked 
| 981|0x00000007baa00000, 0x00000007baa00000, 0x00000007bac00000|  0%| F|  |TAMS 0x00000007baa00000| PB 0x00000007baa00000| Untracked 
| 982|0x00000007bac00000, 0x00000007bac00000, 0x00000007bae00000|  0%| F|  |TAMS 0x00000007bac00000| PB 0x00000007bac00000| Untracked 
| 983|0x00000007bae00000, 0x00000007bae00000, 0x00000007bb000000|  0%| F|  |TAMS 0x00000007bae00000| PB 0x00000007bae00000| Untracked 
| 984|0x00000007bb000000, 0x00000007bb000000, 0x00000007bb200000|  0%| F|  |TAMS 0x00000007bb000000| PB 0x00000007bb000000| Untracked 
| 985|0x00000007bb200000, 0x00000007bb200000, 0x00000007bb400000|  0%| F|  |TAMS 0x00000007bb200000| PB 0x00000007bb200000| Untracked 
| 986|0x00000007bb400000, 0x00000007bb400000, 0x00000007bb600000|  0%| F|  |TAMS 0x00000007bb400000| PB 0x00000007bb400000| Untracked 
| 987|0x00000007bb600000, 0x00000007bb600000, 0x00000007bb800000|  0%| F|  |TAMS 0x00000007bb600000| PB 0x00000007bb600000| Untracked 
| 988|0x00000007bb800000, 0x00000007bb800000, 0x00000007bba00000|  0%| F|  |TAMS 0x00000007bb800000| PB 0x00000007bb800000| Untracked 
| 989|0x00000007bba00000, 0x00000007bba00000, 0x00000007bbc00000|  0%| F|  |TAMS 0x00000007bba00000| PB 0x00000007bba00000| Untracked 
| 990|0x00000007bbc00000, 0x00000007bbc00000, 0x00000007bbe00000|  0%| F|  |TAMS 0x00000007bbc00000| PB 0x00000007bbc00000| Untracked 
| 991|0x00000007bbe00000, 0x00000007bbe00000, 0x00000007bc000000|  0%| F|  |TAMS 0x00000007bbe00000| PB 0x00000007bbe00000| Untracked 
| 992|0x00000007bc000000, 0x00000007bc000000, 0x00000007bc200000|  0%| F|  |TAMS 0x00000007bc000000| PB 0x00000007bc000000| Untracked 
| 993|0x00000007bc200000, 0x00000007bc200000, 0x00000007bc400000|  0%| F|  |TAMS 0x00000007bc200000| PB 0x00000007bc200000| Untracked 
| 994|0x00000007bc400000, 0x00000007bc400000, 0x00000007bc600000|  0%| F|  |TAMS 0x00000007bc400000| PB 0x00000007bc400000| Untracked 
| 995|0x00000007bc600000, 0x00000007bc600000, 0x00000007bc800000|  0%| F|  |TAMS 0x00000007bc600000| PB 0x00000007bc600000| Untracked 
| 996|0x00000007bc800000, 0x00000007bc800000, 0x00000007bca00000|  0%| F|  |TAMS 0x00000007bc800000| PB 0x00000007bc800000| Untracked 
| 997|0x00000007bca00000, 0x00000007bca00000, 0x00000007bcc00000|  0%| F|  |TAMS 0x00000007bca00000| PB 0x00000007bca00000| Untracked 
| 998|0x00000007bcc00000, 0x00000007bcc00000, 0x00000007bce00000|  0%| F|  |TAMS 0x00000007bcc00000| PB 0x00000007bcc00000| Untracked 
| 999|0x00000007bce00000, 0x00000007bce00000, 0x00000007bd000000|  0%| F|  |TAMS 0x00000007bce00000| PB 0x00000007bce00000| Untracked 
|1000|0x00000007bd000000, 0x00000007bd000000, 0x00000007bd200000|  0%| F|  |TAMS 0x00000007bd000000| PB 0x00000007bd000000| Untracked 
|1001|0x00000007bd200000, 0x00000007bd200000, 0x00000007bd400000|  0%| F|  |TAMS 0x00000007bd200000| PB 0x00000007bd200000| Untracked 
|1002|0x00000007bd400000, 0x00000007bd400000, 0x00000007bd600000|  0%| F|  |TAMS 0x00000007bd400000| PB 0x00000007bd400000| Untracked 
|1003|0x00000007bd600000, 0x00000007bd600000, 0x00000007bd800000|  0%| F|  |TAMS 0x00000007bd600000| PB 0x00000007bd600000| Untracked 
|1004|0x00000007bd800000, 0x00000007bd800000, 0x00000007bda00000|  0%| F|  |TAMS 0x00000007bd800000| PB 0x00000007bd800000| Untracked 
|1005|0x00000007bda00000, 0x00000007bda00000, 0x00000007bdc00000|  0%| F|  |TAMS 0x00000007bda00000| PB 0x00000007bda00000| Untracked 
|1006|0x00000007bdc00000, 0x00000007bdc00000, 0x00000007bde00000|  0%| F|  |TAMS 0x00000007bdc00000| PB 0x00000007bdc00000| Untracked 
|1007|0x00000007bde00000, 0x00000007bde00000, 0x00000007be000000|  0%| F|  |TAMS 0x00000007bde00000| PB 0x00000007bde00000| Untracked 
|1008|0x00000007be000000, 0x00000007be000000, 0x00000007be200000|  0%| F|  |TAMS 0x00000007be000000| PB 0x00000007be000000| Untracked 
|1009|0x00000007be200000, 0x00000007be200000, 0x00000007be400000|  0%| F|  |TAMS 0x00000007be200000| PB 0x00000007be200000| Untracked 
|1010|0x00000007be400000, 0x00000007be400000, 0x00000007be600000|  0%| F|  |TAMS 0x00000007be400000| PB 0x00000007be400000| Untracked 
|1011|0x00000007be600000, 0x00000007be600000, 0x00000007be800000|  0%| F|  |TAMS 0x00000007be600000| PB 0x00000007be600000| Untracked 
|1012|0x00000007be800000, 0x00000007be800000, 0x00000007bea00000|  0%| F|  |TAMS 0x00000007be800000| PB 0x00000007be800000| Untracked 
|1013|0x00000007bea00000, 0x00000007bea00000, 0x00000007bec00000|  0%| F|  |TAMS 0x00000007bea00000| PB 0x00000007bea00000| Untracked 
|1014|0x00000007bec00000, 0x00000007bec00000, 0x00000007bee00000|  0%| F|  |TAMS 0x00000007bec00000| PB 0x00000007bec00000| Untracked 
|1015|0x00000007bee00000, 0x00000007bee00000, 0x00000007bf000000|  0%| F|  |TAMS 0x00000007bee00000| PB 0x00000007bee00000| Untracked 
|1016|0x00000007bf000000, 0x00000007bf000000, 0x00000007bf200000|  0%| F|  |TAMS 0x00000007bf000000| PB 0x00000007bf000000| Untracked 
|1017|0x00000007bf200000, 0x00000007bf200000, 0x00000007bf400000|  0%| F|  |TAMS 0x00000007bf200000| PB 0x00000007bf200000| Untracked 
|1018|0x00000007bf400000, 0x00000007bf400000, 0x00000007bf600000|  0%| F|  |TAMS 0x00000007bf400000| PB 0x00000007bf400000| Untracked 
|1019|0x00000007bf600000, 0x00000007bf600000, 0x00000007bf800000|  0%| F|  |TAMS 0x00000007bf600000| PB 0x00000007bf600000| Untracked 
|1020|0x00000007bf800000, 0x00000007bf800000, 0x00000007bfa00000|  0%| F|  |TAMS 0x00000007bf800000| PB 0x00000007bf800000| Untracked 
|1021|0x00000007bfa00000, 0x00000007bfa00000, 0x00000007bfc00000|  0%| F|  |TAMS 0x00000007bfa00000| PB 0x00000007bfa00000| Untracked 
|1022|0x00000007bfc00000, 0x00000007bfc00000, 0x00000007bfe00000|  0%| F|  |TAMS 0x00000007bfc00000| PB 0x00000007bfc00000| Untracked 
|1023|0x00000007bfe00000, 0x00000007bfe00000, 0x00000007c0000000|  0%| F|  |TAMS 0x00000007bfe00000| PB 0x00000007bfe00000| Untracked 
|1024|0x00000007c0000000, 0x00000007c0000000, 0x00000007c0200000|  0%| F|  |TAMS 0x00000007c0000000| PB 0x00000007c0000000| Untracked 
|1025|0x00000007c0200000, 0x00000007c0200000, 0x00000007c0400000|  0%| F|  |TAMS 0x00000007c0200000| PB 0x00000007c0200000| Untracked 
|1026|0x00000007c0400000, 0x00000007c0400000, 0x00000007c0600000|  0%| F|  |TAMS 0x00000007c0400000| PB 0x00000007c0400000| Untracked 
|1027|0x00000007c0600000, 0x00000007c0600000, 0x00000007c0800000|  0%| F|  |TAMS 0x00000007c0600000| PB 0x00000007c0600000| Untracked 
|1028|0x00000007c0800000, 0x00000007c0800000, 0x00000007c0a00000|  0%| F|  |TAMS 0x00000007c0800000| PB 0x00000007c0800000| Untracked 
|1029|0x00000007c0a00000, 0x00000007c0a00000, 0x00000007c0c00000|  0%| F|  |TAMS 0x00000007c0a00000| PB 0x00000007c0a00000| Untracked 
|1030|0x00000007c0c00000, 0x00000007c0c00000, 0x00000007c0e00000|  0%| F|  |TAMS 0x00000007c0c00000| PB 0x00000007c0c00000| Untracked 
|1031|0x00000007c0e00000, 0x00000007c0e00000, 0x00000007c1000000|  0%| F|  |TAMS 0x00000007c0e00000| PB 0x00000007c0e00000| Untracked 
|1032|0x00000007c1000000, 0x00000007c1000000, 0x00000007c1200000|  0%| F|  |TAMS 0x00000007c1000000| PB 0x00000007c1000000| Untracked 
|1033|0x00000007c1200000, 0x00000007c1200000, 0x00000007c1400000|  0%| F|  |TAMS 0x00000007c1200000| PB 0x00000007c1200000| Untracked 
|1034|0x00000007c1400000, 0x00000007c1400000, 0x00000007c1600000|  0%| F|  |TAMS 0x00000007c1400000| PB 0x00000007c1400000| Untracked 
|1035|0x00000007c1600000, 0x00000007c1600000, 0x00000007c1800000|  0%| F|  |TAMS 0x00000007c1600000| PB 0x00000007c1600000| Untracked 
|1036|0x00000007c1800000, 0x00000007c1800000, 0x00000007c1a00000|  0%| F|  |TAMS 0x00000007c1800000| PB 0x00000007c1800000| Untracked 
|1037|0x00000007c1a00000, 0x00000007c1a00000, 0x00000007c1c00000|  0%| F|  |TAMS 0x00000007c1a00000| PB 0x00000007c1a00000| Untracked 
|1038|0x00000007c1c00000, 0x00000007c1c00000, 0x00000007c1e00000|  0%| F|  |TAMS 0x00000007c1c00000| PB 0x00000007c1c00000| Untracked 
|1039|0x00000007c1e00000, 0x00000007c1e00000, 0x00000007c2000000|  0%| F|  |TAMS 0x00000007c1e00000| PB 0x00000007c1e00000| Untracked 
|1040|0x00000007c2000000, 0x00000007c2000000, 0x00000007c2200000|  0%| F|  |TAMS 0x00000007c2000000| PB 0x00000007c2000000| Untracked 
|1041|0x00000007c2200000, 0x00000007c2200000, 0x00000007c2400000|  0%| F|  |TAMS 0x00000007c2200000| PB 0x00000007c2200000| Untracked 
|1042|0x00000007c2400000, 0x00000007c2400000, 0x00000007c2600000|  0%| F|  |TAMS 0x00000007c2400000| PB 0x00000007c2400000| Untracked 
|1043|0x00000007c2600000, 0x00000007c2600000, 0x00000007c2800000|  0%| F|  |TAMS 0x00000007c2600000| PB 0x00000007c2600000| Untracked 
|1044|0x00000007c2800000, 0x00000007c2800000, 0x00000007c2a00000|  0%| F|  |TAMS 0x00000007c2800000| PB 0x00000007c2800000| Untracked 
|1045|0x00000007c2a00000, 0x00000007c2a00000, 0x00000007c2c00000|  0%| F|  |TAMS 0x00000007c2a00000| PB 0x00000007c2a00000| Untracked 
|1046|0x00000007c2c00000, 0x00000007c2c00000, 0x00000007c2e00000|  0%| F|  |TAMS 0x00000007c2c00000| PB 0x00000007c2c00000| Untracked 
|1047|0x00000007c2e00000, 0x00000007c2e00000, 0x00000007c3000000|  0%| F|  |TAMS 0x00000007c2e00000| PB 0x00000007c2e00000| Untracked 
|1048|0x00000007c3000000, 0x00000007c3100800, 0x00000007c3200000| 50%| E|  |TAMS 0x00000007c3000000| PB 0x00000007c3000000| Complete 
|1049|0x00000007c3200000, 0x00000007c3400000, 0x00000007c3400000|100%| E|CS|TAMS 0x00000007c3200000| PB 0x00000007c3200000| Complete 
|1050|0x00000007c3400000, 0x00000007c3600000, 0x00000007c3600000|100%| E|CS|TAMS 0x00000007c3400000| PB 0x00000007c3400000| Complete 
|1051|0x00000007c3600000, 0x00000007c3800000, 0x00000007c3800000|100%| E|CS|TAMS 0x00000007c3600000| PB 0x00000007c3600000| Complete 
|1052|0x00000007c3800000, 0x00000007c3a00000, 0x00000007c3a00000|100%| E|CS|TAMS 0x00000007c3800000| PB 0x00000007c3800000| Complete 
|1053|0x00000007c3a00000, 0x00000007c3c00000, 0x00000007c3c00000|100%| E|CS|TAMS 0x00000007c3a00000| PB 0x00000007c3a00000| Complete 
|1054|0x00000007c3c00000, 0x00000007c3e00000, 0x00000007c3e00000|100%| E|CS|TAMS 0x00000007c3c00000| PB 0x00000007c3c00000| Complete 
|1055|0x00000007c3e00000, 0x00000007c4000000, 0x00000007c4000000|100%| E|CS|TAMS 0x00000007c3e00000| PB 0x00000007c3e00000| Complete 
|1056|0x00000007c4000000, 0x00000007c4200000, 0x00000007c4200000|100%| E|CS|TAMS 0x00000007c4000000| PB 0x00000007c4000000| Complete 
|1057|0x00000007c4200000, 0x00000007c4400000, 0x00000007c4400000|100%| E|CS|TAMS 0x00000007c4200000| PB 0x00000007c4200000| Complete 
|1058|0x00000007c4400000, 0x00000007c4600000, 0x00000007c4600000|100%| E|CS|TAMS 0x00000007c4400000| PB 0x00000007c4400000| Complete 
|1059|0x00000007c4600000, 0x00000007c4800000, 0x00000007c4800000|100%| E|CS|TAMS 0x00000007c4600000| PB 0x00000007c4600000| Complete 
|1060|0x00000007c4800000, 0x00000007c4a00000, 0x00000007c4a00000|100%| E|CS|TAMS 0x00000007c4800000| PB 0x00000007c4800000| Complete 
|1061|0x00000007c4a00000, 0x00000007c4c00000, 0x00000007c4c00000|100%| E|CS|TAMS 0x00000007c4a00000| PB 0x00000007c4a00000| Complete 
|1062|0x00000007c4c00000, 0x00000007c4e00000, 0x00000007c4e00000|100%| E|CS|TAMS 0x00000007c4c00000| PB 0x00000007c4c00000| Complete 
|1063|0x00000007c4e00000, 0x00000007c5000000, 0x00000007c5000000|100%| E|CS|TAMS 0x00000007c4e00000| PB 0x00000007c4e00000| Complete 
|1064|0x00000007c5000000, 0x00000007c5200000, 0x00000007c5200000|100%| E|CS|TAMS 0x00000007c5000000| PB 0x00000007c5000000| Complete 
|1065|0x00000007c5200000, 0x00000007c5400000, 0x00000007c5400000|100%| E|CS|TAMS 0x00000007c5200000| PB 0x00000007c5200000| Complete 
|1066|0x00000007c5400000, 0x00000007c5600000, 0x00000007c5600000|100%| E|CS|TAMS 0x00000007c5400000| PB 0x00000007c5400000| Complete 
|1067|0x00000007c5600000, 0x00000007c5800000, 0x00000007c5800000|100%| E|CS|TAMS 0x00000007c5600000| PB 0x00000007c5600000| Complete 
|1068|0x00000007c5800000, 0x00000007c5a00000, 0x00000007c5a00000|100%| E|CS|TAMS 0x00000007c5800000| PB 0x00000007c5800000| Complete 
|1069|0x00000007c5a00000, 0x00000007c5c00000, 0x00000007c5c00000|100%| E|CS|TAMS 0x00000007c5a00000| PB 0x00000007c5a00000| Complete 
|1070|0x00000007c5c00000, 0x00000007c5e00000, 0x00000007c5e00000|100%| E|CS|TAMS 0x00000007c5c00000| PB 0x00000007c5c00000| Complete 
|1071|0x00000007c5e00000, 0x00000007c6000000, 0x00000007c6000000|100%| E|CS|TAMS 0x00000007c5e00000| PB 0x00000007c5e00000| Complete 
|1072|0x00000007c6000000, 0x00000007c6200000, 0x00000007c6200000|100%| E|CS|TAMS 0x00000007c6000000| PB 0x00000007c6000000| Complete 
|1073|0x00000007c6200000, 0x00000007c6400000, 0x00000007c6400000|100%| E|CS|TAMS 0x00000007c6200000| PB 0x00000007c6200000| Complete 
|1074|0x00000007c6400000, 0x00000007c6600000, 0x00000007c6600000|100%| E|CS|TAMS 0x00000007c6400000| PB 0x00000007c6400000| Complete 
|1075|0x00000007c6600000, 0x00000007c6800000, 0x00000007c6800000|100%| E|CS|TAMS 0x00000007c6600000| PB 0x00000007c6600000| Complete 
|1076|0x00000007c6800000, 0x00000007c6a00000, 0x00000007c6a00000|100%| E|CS|TAMS 0x00000007c6800000| PB 0x00000007c6800000| Complete 
|1077|0x00000007c6a00000, 0x00000007c6c00000, 0x00000007c6c00000|100%| E|CS|TAMS 0x00000007c6a00000| PB 0x00000007c6a00000| Complete 
|1078|0x00000007c6c00000, 0x00000007c6e00000, 0x00000007c6e00000|100%| E|CS|TAMS 0x00000007c6c00000| PB 0x00000007c6c00000| Complete 
|1079|0x00000007c6e00000, 0x00000007c7000000, 0x00000007c7000000|100%| E|CS|TAMS 0x00000007c6e00000| PB 0x00000007c6e00000| Complete 
|1080|0x00000007c7000000, 0x00000007c7200000, 0x00000007c7200000|100%| E|CS|TAMS 0x00000007c7000000| PB 0x00000007c7000000| Complete 
|1081|0x00000007c7200000, 0x00000007c7400000, 0x00000007c7400000|100%| E|CS|TAMS 0x00000007c7200000| PB 0x00000007c7200000| Complete 
|1082|0x00000007c7400000, 0x00000007c7600000, 0x00000007c7600000|100%| E|CS|TAMS 0x00000007c7400000| PB 0x00000007c7400000| Complete 
|1083|0x00000007c7600000, 0x00000007c7800000, 0x00000007c7800000|100%| E|CS|TAMS 0x00000007c7600000| PB 0x00000007c7600000| Complete 
|1084|0x00000007c7800000, 0x00000007c7a00000, 0x00000007c7a00000|100%| E|CS|TAMS 0x00000007c7800000| PB 0x00000007c7800000| Complete 
|1085|0x00000007c7a00000, 0x00000007c7c00000, 0x00000007c7c00000|100%| E|CS|TAMS 0x00000007c7a00000| PB 0x00000007c7a00000| Complete 
|1086|0x00000007c7c00000, 0x00000007c7e00000, 0x00000007c7e00000|100%| E|CS|TAMS 0x00000007c7c00000| PB 0x00000007c7c00000| Complete 
|1087|0x00000007c7e00000, 0x00000007c8000000, 0x00000007c8000000|100%| E|CS|TAMS 0x00000007c7e00000| PB 0x00000007c7e00000| Complete 
|1088|0x00000007c8000000, 0x00000007c8200000, 0x00000007c8200000|100%| E|CS|TAMS 0x00000007c8000000| PB 0x00000007c8000000| Complete 
|1089|0x00000007c8200000, 0x00000007c8400000, 0x00000007c8400000|100%| E|CS|TAMS 0x00000007c8200000| PB 0x00000007c8200000| Complete 
|1090|0x00000007c8400000, 0x00000007c8600000, 0x00000007c8600000|100%| E|CS|TAMS 0x00000007c8400000| PB 0x00000007c8400000| Complete 
|1091|0x00000007c8600000, 0x00000007c8800000, 0x00000007c8800000|100%| E|CS|TAMS 0x00000007c8600000| PB 0x00000007c8600000| Complete 
|1092|0x00000007c8800000, 0x00000007c8a00000, 0x00000007c8a00000|100%| E|CS|TAMS 0x00000007c8800000| PB 0x00000007c8800000| Complete 
|1093|0x00000007c8a00000, 0x00000007c8c00000, 0x00000007c8c00000|100%| E|CS|TAMS 0x00000007c8a00000| PB 0x00000007c8a00000| Complete 
|1094|0x00000007c8c00000, 0x00000007c8e00000, 0x00000007c8e00000|100%| E|CS|TAMS 0x00000007c8c00000| PB 0x00000007c8c00000| Complete 
|1095|0x00000007c8e00000, 0x00000007c9000000, 0x00000007c9000000|100%| E|CS|TAMS 0x00000007c8e00000| PB 0x00000007c8e00000| Complete 
|1096|0x00000007c9000000, 0x00000007c9200000, 0x00000007c9200000|100%| E|CS|TAMS 0x00000007c9000000| PB 0x00000007c9000000| Complete 
|1097|0x00000007c9200000, 0x00000007c9400000, 0x00000007c9400000|100%| E|CS|TAMS 0x00000007c9200000| PB 0x00000007c9200000| Complete 
|1098|0x00000007c9400000, 0x00000007c9600000, 0x00000007c9600000|100%| E|CS|TAMS 0x00000007c9400000| PB 0x00000007c9400000| Complete 
|1099|0x00000007c9600000, 0x00000007c9800000, 0x00000007c9800000|100%| E|CS|TAMS 0x00000007c9600000| PB 0x00000007c9600000| Complete 
|1100|0x00000007c9800000, 0x00000007c9a00000, 0x00000007c9a00000|100%| E|CS|TAMS 0x00000007c9800000| PB 0x00000007c9800000| Complete 
|1101|0x00000007c9a00000, 0x00000007c9c00000, 0x00000007c9c00000|100%| E|CS|TAMS 0x00000007c9a00000| PB 0x00000007c9a00000| Complete 
|1102|0x00000007c9c00000, 0x00000007c9e00000, 0x00000007c9e00000|100%| E|CS|TAMS 0x00000007c9c00000| PB 0x00000007c9c00000| Complete 
|1103|0x00000007c9e00000, 0x00000007ca000000, 0x00000007ca000000|100%| E|CS|TAMS 0x00000007c9e00000| PB 0x00000007c9e00000| Complete 
|1104|0x00000007ca000000, 0x00000007ca200000, 0x00000007ca200000|100%| E|CS|TAMS 0x00000007ca000000| PB 0x00000007ca000000| Complete 
|1105|0x00000007ca200000, 0x00000007ca400000, 0x00000007ca400000|100%| E|CS|TAMS 0x00000007ca200000| PB 0x00000007ca200000| Complete 
|1106|0x00000007ca400000, 0x00000007ca600000, 0x00000007ca600000|100%| E|CS|TAMS 0x00000007ca400000| PB 0x00000007ca400000| Complete 
|1107|0x00000007ca600000, 0x00000007ca800000, 0x00000007ca800000|100%| E|CS|TAMS 0x00000007ca600000| PB 0x00000007ca600000| Complete 
|1108|0x00000007ca800000, 0x00000007caa00000, 0x00000007caa00000|100%| E|CS|TAMS 0x00000007ca800000| PB 0x00000007ca800000| Complete 
|1109|0x00000007caa00000, 0x00000007cac00000, 0x00000007cac00000|100%| E|CS|TAMS 0x00000007caa00000| PB 0x00000007caa00000| Complete 
|1110|0x00000007cac00000, 0x00000007cae00000, 0x00000007cae00000|100%| E|CS|TAMS 0x00000007cac00000| PB 0x00000007cac00000| Complete 
|1111|0x00000007cae00000, 0x00000007cb000000, 0x00000007cb000000|100%| E|CS|TAMS 0x00000007cae00000| PB 0x00000007cae00000| Complete 
|1112|0x00000007cb000000, 0x00000007cb200000, 0x00000007cb200000|100%| E|CS|TAMS 0x00000007cb000000| PB 0x00000007cb000000| Complete 
|1113|0x00000007cb200000, 0x00000007cb400000, 0x00000007cb400000|100%| E|CS|TAMS 0x00000007cb200000| PB 0x00000007cb200000| Complete 
|1114|0x00000007cb400000, 0x00000007cb600000, 0x00000007cb600000|100%| E|CS|TAMS 0x00000007cb400000| PB 0x00000007cb400000| Complete 
|1115|0x00000007cb600000, 0x00000007cb800000, 0x00000007cb800000|100%| E|CS|TAMS 0x00000007cb600000| PB 0x00000007cb600000| Complete 
|1116|0x00000007cb800000, 0x00000007cba00000, 0x00000007cba00000|100%| E|CS|TAMS 0x00000007cb800000| PB 0x00000007cb800000| Complete 
|1117|0x00000007cba00000, 0x00000007cbc00000, 0x00000007cbc00000|100%| E|CS|TAMS 0x00000007cba00000| PB 0x00000007cba00000| Complete 
|1118|0x00000007cbc00000, 0x00000007cbe00000, 0x00000007cbe00000|100%| E|CS|TAMS 0x00000007cbc00000| PB 0x00000007cbc00000| Complete 
|1119|0x00000007cbe00000, 0x00000007cc000000, 0x00000007cc000000|100%| E|CS|TAMS 0x00000007cbe00000| PB 0x00000007cbe00000| Complete 
|1120|0x00000007cc000000, 0x00000007cc200000, 0x00000007cc200000|100%| E|CS|TAMS 0x00000007cc000000| PB 0x00000007cc000000| Complete 
|1121|0x00000007cc200000, 0x00000007cc400000, 0x00000007cc400000|100%| E|CS|TAMS 0x00000007cc200000| PB 0x00000007cc200000| Complete 
|1122|0x00000007cc400000, 0x00000007cc600000, 0x00000007cc600000|100%| E|CS|TAMS 0x00000007cc400000| PB 0x00000007cc400000| Complete 
|1123|0x00000007cc600000, 0x00000007cc800000, 0x00000007cc800000|100%| E|CS|TAMS 0x00000007cc600000| PB 0x00000007cc600000| Complete 
|1124|0x00000007cc800000, 0x00000007cca00000, 0x00000007cca00000|100%| E|CS|TAMS 0x00000007cc800000| PB 0x00000007cc800000| Complete 
|1125|0x00000007cca00000, 0x00000007ccc00000, 0x00000007ccc00000|100%| E|CS|TAMS 0x00000007cca00000| PB 0x00000007cca00000| Complete 
|1126|0x00000007ccc00000, 0x00000007cce00000, 0x00000007cce00000|100%| E|CS|TAMS 0x00000007ccc00000| PB 0x00000007ccc00000| Complete 
|1127|0x00000007cce00000, 0x00000007cd000000, 0x00000007cd000000|100%| E|CS|TAMS 0x00000007cce00000| PB 0x00000007cce00000| Complete 
|1128|0x00000007cd000000, 0x00000007cd200000, 0x00000007cd200000|100%| E|CS|TAMS 0x00000007cd000000| PB 0x00000007cd000000| Complete 
|1129|0x00000007cd200000, 0x00000007cd400000, 0x00000007cd400000|100%| E|CS|TAMS 0x00000007cd200000| PB 0x00000007cd200000| Complete 
|1130|0x00000007cd400000, 0x00000007cd600000, 0x00000007cd600000|100%| E|CS|TAMS 0x00000007cd400000| PB 0x00000007cd400000| Complete 
|1131|0x00000007cd600000, 0x00000007cd800000, 0x00000007cd800000|100%| E|CS|TAMS 0x00000007cd600000| PB 0x00000007cd600000| Complete 
|1132|0x00000007cd800000, 0x00000007cda00000, 0x00000007cda00000|100%| E|CS|TAMS 0x00000007cd800000| PB 0x00000007cd800000| Complete 
|1133|0x00000007cda00000, 0x00000007cdc00000, 0x00000007cdc00000|100%| E|CS|TAMS 0x00000007cda00000| PB 0x00000007cda00000| Complete 
|1134|0x00000007cdc00000, 0x00000007cde00000, 0x00000007cde00000|100%| E|CS|TAMS 0x00000007cdc00000| PB 0x00000007cdc00000| Complete 
|1135|0x00000007cde00000, 0x00000007ce000000, 0x00000007ce000000|100%| E|CS|TAMS 0x00000007cde00000| PB 0x00000007cde00000| Complete 
|1136|0x00000007ce000000, 0x00000007ce200000, 0x00000007ce200000|100%| E|CS|TAMS 0x00000007ce000000| PB 0x00000007ce000000| Complete 
|1137|0x00000007ce200000, 0x00000007ce400000, 0x00000007ce400000|100%| E|CS|TAMS 0x00000007ce200000| PB 0x00000007ce200000| Complete 
|1138|0x00000007ce400000, 0x00000007ce600000, 0x00000007ce600000|100%| E|CS|TAMS 0x00000007ce400000| PB 0x00000007ce400000| Complete 
|1139|0x00000007ce600000, 0x00000007ce800000, 0x00000007ce800000|100%| E|CS|TAMS 0x00000007ce600000| PB 0x00000007ce600000| Complete 
|1140|0x00000007ce800000, 0x00000007cea00000, 0x00000007cea00000|100%| E|CS|TAMS 0x00000007ce800000| PB 0x00000007ce800000| Complete 
|1141|0x00000007cea00000, 0x00000007cec00000, 0x00000007cec00000|100%| E|CS|TAMS 0x00000007cea00000| PB 0x00000007cea00000| Complete 
|1142|0x00000007cec00000, 0x00000007cee00000, 0x00000007cee00000|100%| E|CS|TAMS 0x00000007cec00000| PB 0x00000007cec00000| Complete 
|1143|0x00000007cee00000, 0x00000007cf000000, 0x00000007cf000000|100%| E|CS|TAMS 0x00000007cee00000| PB 0x00000007cee00000| Complete 
|1144|0x00000007cf000000, 0x00000007cf200000, 0x00000007cf200000|100%| E|CS|TAMS 0x00000007cf000000| PB 0x00000007cf000000| Complete 
|1145|0x00000007cf200000, 0x00000007cf400000, 0x00000007cf400000|100%| E|CS|TAMS 0x00000007cf200000| PB 0x00000007cf200000| Complete 
|1146|0x00000007cf400000, 0x00000007cf600000, 0x00000007cf600000|100%| E|CS|TAMS 0x00000007cf400000| PB 0x00000007cf400000| Complete 
|1147|0x00000007cf600000, 0x00000007cf800000, 0x00000007cf800000|100%| E|CS|TAMS 0x00000007cf600000| PB 0x00000007cf600000| Complete 
|1148|0x00000007cf800000, 0x00000007cfa00000, 0x00000007cfa00000|100%| E|CS|TAMS 0x00000007cf800000| PB 0x00000007cf800000| Complete 
|1149|0x00000007cfa00000, 0x00000007cfc00000, 0x00000007cfc00000|100%| E|CS|TAMS 0x00000007cfa00000| PB 0x00000007cfa00000| Complete 
|1150|0x00000007cfc00000, 0x00000007cfe00000, 0x00000007cfe00000|100%| E|CS|TAMS 0x00000007cfc00000| PB 0x00000007cfc00000| Complete 
|1151|0x00000007cfe00000, 0x00000007d0000000, 0x00000007d0000000|100%| E|CS|TAMS 0x00000007cfe00000| PB 0x00000007cfe00000| Complete 
|1152|0x00000007d0000000, 0x00000007d0200000, 0x00000007d0200000|100%| E|CS|TAMS 0x00000007d0000000| PB 0x00000007d0000000| Complete 
|1153|0x00000007d0200000, 0x00000007d0400000, 0x00000007d0400000|100%| E|CS|TAMS 0x00000007d0200000| PB 0x00000007d0200000| Complete 
|1154|0x00000007d0400000, 0x00000007d0600000, 0x00000007d0600000|100%| E|CS|TAMS 0x00000007d0400000| PB 0x00000007d0400000| Complete 
|1155|0x00000007d0600000, 0x00000007d0800000, 0x00000007d0800000|100%| E|CS|TAMS 0x00000007d0600000| PB 0x00000007d0600000| Complete 
|1156|0x00000007d0800000, 0x00000007d0a00000, 0x00000007d0a00000|100%| E|CS|TAMS 0x00000007d0800000| PB 0x00000007d0800000| Complete 
|1157|0x00000007d0a00000, 0x00000007d0c00000, 0x00000007d0c00000|100%| E|CS|TAMS 0x00000007d0a00000| PB 0x00000007d0a00000| Complete 
|1158|0x00000007d0c00000, 0x00000007d0e00000, 0x00000007d0e00000|100%| E|CS|TAMS 0x00000007d0c00000| PB 0x00000007d0c00000| Complete 
|1159|0x00000007d0e00000, 0x00000007d1000000, 0x00000007d1000000|100%| E|CS|TAMS 0x00000007d0e00000| PB 0x00000007d0e00000| Complete 
|1160|0x00000007d1000000, 0x00000007d1200000, 0x00000007d1200000|100%| E|CS|TAMS 0x00000007d1000000| PB 0x00000007d1000000| Complete 
|1161|0x00000007d1200000, 0x00000007d1400000, 0x00000007d1400000|100%| E|CS|TAMS 0x00000007d1200000| PB 0x00000007d1200000| Complete 
|1162|0x00000007d1400000, 0x00000007d1600000, 0x00000007d1600000|100%| E|CS|TAMS 0x00000007d1400000| PB 0x00000007d1400000| Complete 
|1163|0x00000007d1600000, 0x00000007d1800000, 0x00000007d1800000|100%| E|CS|TAMS 0x00000007d1600000| PB 0x00000007d1600000| Complete 
|1164|0x00000007d1800000, 0x00000007d1a00000, 0x00000007d1a00000|100%| E|CS|TAMS 0x00000007d1800000| PB 0x00000007d1800000| Complete 
|1165|0x00000007d1a00000, 0x00000007d1c00000, 0x00000007d1c00000|100%| E|CS|TAMS 0x00000007d1a00000| PB 0x00000007d1a00000| Complete 
|1166|0x00000007d1c00000, 0x00000007d1e00000, 0x00000007d1e00000|100%| E|CS|TAMS 0x00000007d1c00000| PB 0x00000007d1c00000| Complete 
|1167|0x00000007d1e00000, 0x00000007d2000000, 0x00000007d2000000|100%| E|CS|TAMS 0x00000007d1e00000| PB 0x00000007d1e00000| Complete 
|1168|0x00000007d2000000, 0x00000007d2200000, 0x00000007d2200000|100%| E|CS|TAMS 0x00000007d2000000| PB 0x00000007d2000000| Complete 
|1169|0x00000007d2200000, 0x00000007d2400000, 0x00000007d2400000|100%| E|CS|TAMS 0x00000007d2200000| PB 0x00000007d2200000| Complete 
|1170|0x00000007d2400000, 0x00000007d2600000, 0x00000007d2600000|100%| E|CS|TAMS 0x00000007d2400000| PB 0x00000007d2400000| Complete 
|1171|0x00000007d2600000, 0x00000007d2800000, 0x00000007d2800000|100%| E|CS|TAMS 0x00000007d2600000| PB 0x00000007d2600000| Complete 
|1172|0x00000007d2800000, 0x00000007d2a00000, 0x00000007d2a00000|100%| E|CS|TAMS 0x00000007d2800000| PB 0x00000007d2800000| Complete 
|1173|0x00000007d2a00000, 0x00000007d2c00000, 0x00000007d2c00000|100%| E|CS|TAMS 0x00000007d2a00000| PB 0x00000007d2a00000| Complete 
|1174|0x00000007d2c00000, 0x00000007d2e00000, 0x00000007d2e00000|100%| E|CS|TAMS 0x00000007d2c00000| PB 0x00000007d2c00000| Complete 
|1175|0x00000007d2e00000, 0x00000007d3000000, 0x00000007d3000000|100%| E|CS|TAMS 0x00000007d2e00000| PB 0x00000007d2e00000| Complete 
|1176|0x00000007d3000000, 0x00000007d3200000, 0x00000007d3200000|100%| S|CS|TAMS 0x00000007d3000000| PB 0x00000007d3000000| Complete 
|1177|0x00000007d3200000, 0x00000007d3400000, 0x00000007d3400000|100%| S|CS|TAMS 0x00000007d3200000| PB 0x00000007d3200000| Complete 
|1178|0x00000007d3400000, 0x00000007d3600000, 0x00000007d3600000|100%| S|CS|TAMS 0x00000007d3400000| PB 0x00000007d3400000| Complete 
|1179|0x00000007d3600000, 0x00000007d3800000, 0x00000007d3800000|100%| S|CS|TAMS 0x00000007d3600000| PB 0x00000007d3600000| Complete 
|1180|0x00000007d3800000, 0x00000007d3a00000, 0x00000007d3a00000|100%| S|CS|TAMS 0x00000007d3800000| PB 0x00000007d3800000| Complete 
|1181|0x00000007d3a00000, 0x00000007d3c00000, 0x00000007d3c00000|100%| S|CS|TAMS 0x00000007d3a00000| PB 0x00000007d3a00000| Complete 
|1182|0x00000007d3c00000, 0x00000007d3e00000, 0x00000007d3e00000|100%| S|CS|TAMS 0x00000007d3c00000| PB 0x00000007d3c00000| Complete 
|1183|0x00000007d3e00000, 0x00000007d4000000, 0x00000007d4000000|100%| S|CS|TAMS 0x00000007d3e00000| PB 0x00000007d3e00000| Complete 
|1184|0x00000007d4000000, 0x00000007d4200000, 0x00000007d4200000|100%| S|CS|TAMS 0x00000007d4000000| PB 0x00000007d4000000| Complete 
|1185|0x00000007d4200000, 0x00000007d4400000, 0x00000007d4400000|100%| S|CS|TAMS 0x00000007d4200000| PB 0x00000007d4200000| Complete 
|1186|0x00000007d4400000, 0x00000007d4600000, 0x00000007d4600000|100%| S|CS|TAMS 0x00000007d4400000| PB 0x00000007d4400000| Complete 
|1187|0x00000007d4600000, 0x00000007d4800000, 0x00000007d4800000|100%| S|CS|TAMS 0x00000007d4600000| PB 0x00000007d4600000| Complete 
|1188|0x00000007d4800000, 0x00000007d4a00000, 0x00000007d4a00000|100%| S|CS|TAMS 0x00000007d4800000| PB 0x00000007d4800000| Complete 
|1189|0x00000007d4a00000, 0x00000007d4c00000, 0x00000007d4c00000|100%| S|CS|TAMS 0x00000007d4a00000| PB 0x00000007d4a00000| Complete 
|1190|0x00000007d4c00000, 0x00000007d4e00000, 0x00000007d4e00000|100%| S|CS|TAMS 0x00000007d4c00000| PB 0x00000007d4c00000| Complete 
|1191|0x00000007d4e00000, 0x00000007d5000000, 0x00000007d5000000|100%| S|CS|TAMS 0x00000007d4e00000| PB 0x00000007d4e00000| Complete 
|1192|0x00000007d5000000, 0x00000007d5200000, 0x00000007d5200000|100%| S|CS|TAMS 0x00000007d5000000| PB 0x00000007d5000000| Complete 
|1193|0x00000007d5200000, 0x00000007d5400000, 0x00000007d5400000|100%| S|CS|TAMS 0x00000007d5200000| PB 0x00000007d5200000| Complete 
|1194|0x00000007d5400000, 0x00000007d5600000, 0x00000007d5600000|100%| S|CS|TAMS 0x00000007d5400000| PB 0x00000007d5400000| Complete 
|1195|0x00000007d5600000, 0x00000007d5800000, 0x00000007d5800000|100%| S|CS|TAMS 0x00000007d5600000| PB 0x00000007d5600000| Complete 
|1196|0x00000007d5800000, 0x00000007d5a00000, 0x00000007d5a00000|100%| S|CS|TAMS 0x00000007d5800000| PB 0x00000007d5800000| Complete 
|1197|0x00000007d5a00000, 0x00000007d5c00000, 0x00000007d5c00000|100%| S|CS|TAMS 0x00000007d5a00000| PB 0x00000007d5a00000| Complete 
|1198|0x00000007d5c00000, 0x00000007d5e00000, 0x00000007d5e00000|100%| S|CS|TAMS 0x00000007d5c00000| PB 0x00000007d5c00000| Complete 
|1199|0x00000007d5e00000, 0x00000007d6000000, 0x00000007d6000000|100%| S|CS|TAMS 0x00000007d5e00000| PB 0x00000007d5e00000| Complete 
|1200|0x00000007d6000000, 0x00000007d6200000, 0x00000007d6200000|100%| S|CS|TAMS 0x00000007d6000000| PB 0x00000007d6000000| Complete 
|1201|0x00000007d6200000, 0x00000007d6400000, 0x00000007d6400000|100%| S|CS|TAMS 0x00000007d6200000| PB 0x00000007d6200000| Complete 
|1202|0x00000007d6400000, 0x00000007d6600000, 0x00000007d6600000|100%| S|CS|TAMS 0x00000007d6400000| PB 0x00000007d6400000| Complete 
|1203|0x00000007d6600000, 0x00000007d6800000, 0x00000007d6800000|100%| S|CS|TAMS 0x00000007d6600000| PB 0x00000007d6600000| Complete 
|1204|0x00000007d6800000, 0x00000007d6a00000, 0x00000007d6a00000|100%| E|CS|TAMS 0x00000007d6800000| PB 0x00000007d6800000| Complete 
|1205|0x00000007d6a00000, 0x00000007d6c00000, 0x00000007d6c00000|100%| E|CS|TAMS 0x00000007d6a00000| PB 0x00000007d6a00000| Complete 
|1206|0x00000007d6c00000, 0x00000007d6e00000, 0x00000007d6e00000|100%| E|CS|TAMS 0x00000007d6c00000| PB 0x00000007d6c00000| Complete 
|1207|0x00000007d6e00000, 0x00000007d7000000, 0x00000007d7000000|100%| E|CS|TAMS 0x00000007d6e00000| PB 0x00000007d6e00000| Complete 
|1208|0x00000007d7000000, 0x00000007d7200000, 0x00000007d7200000|100%| E|CS|TAMS 0x00000007d7000000| PB 0x00000007d7000000| Complete 
|1209|0x00000007d7200000, 0x00000007d7400000, 0x00000007d7400000|100%| E|CS|TAMS 0x00000007d7200000| PB 0x00000007d7200000| Complete 
|1210|0x00000007d7400000, 0x00000007d7600000, 0x00000007d7600000|100%| E|CS|TAMS 0x00000007d7400000| PB 0x00000007d7400000| Complete 
|1211|0x00000007d7600000, 0x00000007d7800000, 0x00000007d7800000|100%| E|CS|TAMS 0x00000007d7600000| PB 0x00000007d7600000| Complete 
|1212|0x00000007d7800000, 0x00000007d7a00000, 0x00000007d7a00000|100%| E|CS|TAMS 0x00000007d7800000| PB 0x00000007d7800000| Complete 
|1213|0x00000007d7a00000, 0x00000007d7c00000, 0x00000007d7c00000|100%| E|CS|TAMS 0x00000007d7a00000| PB 0x00000007d7a00000| Complete 
|1214|0x00000007d7c00000, 0x00000007d7e00000, 0x00000007d7e00000|100%| E|CS|TAMS 0x00000007d7c00000| PB 0x00000007d7c00000| Complete 
|1215|0x00000007d7e00000, 0x00000007d8000000, 0x00000007d8000000|100%| E|CS|TAMS 0x00000007d7e00000| PB 0x00000007d7e00000| Complete 
|1216|0x00000007d8000000, 0x00000007d8200000, 0x00000007d8200000|100%| E|CS|TAMS 0x00000007d8000000| PB 0x00000007d8000000| Complete 
|1217|0x00000007d8200000, 0x00000007d8400000, 0x00000007d8400000|100%| E|CS|TAMS 0x00000007d8200000| PB 0x00000007d8200000| Complete 
|1218|0x00000007d8400000, 0x00000007d8600000, 0x00000007d8600000|100%| E|CS|TAMS 0x00000007d8400000| PB 0x00000007d8400000| Complete 
|1219|0x00000007d8600000, 0x00000007d8800000, 0x00000007d8800000|100%| E|CS|TAMS 0x00000007d8600000| PB 0x00000007d8600000| Complete 
|1220|0x00000007d8800000, 0x00000007d8a00000, 0x00000007d8a00000|100%| E|CS|TAMS 0x00000007d8800000| PB 0x00000007d8800000| Complete 
|1221|0x00000007d8a00000, 0x00000007d8c00000, 0x00000007d8c00000|100%| E|CS|TAMS 0x00000007d8a00000| PB 0x00000007d8a00000| Complete 
|1222|0x00000007d8c00000, 0x00000007d8e00000, 0x00000007d8e00000|100%| E|CS|TAMS 0x00000007d8c00000| PB 0x00000007d8c00000| Complete 
|1223|0x00000007d8e00000, 0x00000007d9000000, 0x00000007d9000000|100%| E|CS|TAMS 0x00000007d8e00000| PB 0x00000007d8e00000| Complete 
|1224|0x00000007d9000000, 0x00000007d9200000, 0x00000007d9200000|100%| E|CS|TAMS 0x00000007d9000000| PB 0x00000007d9000000| Complete 
|1225|0x00000007d9200000, 0x00000007d9400000, 0x00000007d9400000|100%| E|CS|TAMS 0x00000007d9200000| PB 0x00000007d9200000| Complete 
|1226|0x00000007d9400000, 0x00000007d9600000, 0x00000007d9600000|100%| E|CS|TAMS 0x00000007d9400000| PB 0x00000007d9400000| Complete 
|1227|0x00000007d9600000, 0x00000007d9800000, 0x00000007d9800000|100%| E|CS|TAMS 0x00000007d9600000| PB 0x00000007d9600000| Complete 
|1228|0x00000007d9800000, 0x00000007d9a00000, 0x00000007d9a00000|100%| E|CS|TAMS 0x00000007d9800000| PB 0x00000007d9800000| Complete 
|1229|0x00000007d9a00000, 0x00000007d9c00000, 0x00000007d9c00000|100%| E|CS|TAMS 0x00000007d9a00000| PB 0x00000007d9a00000| Complete 
|1230|0x00000007d9c00000, 0x00000007d9e00000, 0x00000007d9e00000|100%| E|CS|TAMS 0x00000007d9c00000| PB 0x00000007d9c00000| Complete 
|1231|0x00000007d9e00000, 0x00000007da000000, 0x00000007da000000|100%| E|CS|TAMS 0x00000007d9e00000| PB 0x00000007d9e00000| Complete 
|1232|0x00000007da000000, 0x00000007da200000, 0x00000007da200000|100%| E|CS|TAMS 0x00000007da000000| PB 0x00000007da000000| Complete 
|1233|0x00000007da200000, 0x00000007da400000, 0x00000007da400000|100%| E|CS|TAMS 0x00000007da200000| PB 0x00000007da200000| Complete 
|1234|0x00000007da400000, 0x00000007da600000, 0x00000007da600000|100%| E|CS|TAMS 0x00000007da400000| PB 0x00000007da400000| Complete 
|1235|0x00000007da600000, 0x00000007da800000, 0x00000007da800000|100%| E|CS|TAMS 0x00000007da600000| PB 0x00000007da600000| Complete 
|1236|0x00000007da800000, 0x00000007daa00000, 0x00000007daa00000|100%| E|CS|TAMS 0x00000007da800000| PB 0x00000007da800000| Complete 
|1237|0x00000007daa00000, 0x00000007dac00000, 0x00000007dac00000|100%| E|CS|TAMS 0x00000007daa00000| PB 0x00000007daa00000| Complete 
|1238|0x00000007dac00000, 0x00000007dae00000, 0x00000007dae00000|100%| E|CS|TAMS 0x00000007dac00000| PB 0x00000007dac00000| Complete 
|1239|0x00000007dae00000, 0x00000007db000000, 0x00000007db000000|100%| E|CS|TAMS 0x00000007dae00000| PB 0x00000007dae00000| Complete 
|1240|0x00000007db000000, 0x00000007db200000, 0x00000007db200000|100%| E|CS|TAMS 0x00000007db000000| PB 0x00000007db000000| Complete 
|1241|0x00000007db200000, 0x00000007db400000, 0x00000007db400000|100%| E|CS|TAMS 0x00000007db200000| PB 0x00000007db200000| Complete 
|1242|0x00000007db400000, 0x00000007db600000, 0x00000007db600000|100%| E|CS|TAMS 0x00000007db400000| PB 0x00000007db400000| Complete 
|1243|0x00000007db600000, 0x00000007db800000, 0x00000007db800000|100%| E|CS|TAMS 0x00000007db600000| PB 0x00000007db600000| Complete 
|1244|0x00000007db800000, 0x00000007dba00000, 0x00000007dba00000|100%| E|CS|TAMS 0x00000007db800000| PB 0x00000007db800000| Complete 
|1245|0x00000007dba00000, 0x00000007dbc00000, 0x00000007dbc00000|100%| E|CS|TAMS 0x00000007dba00000| PB 0x00000007dba00000| Complete 
|1246|0x00000007dbc00000, 0x00000007dbe00000, 0x00000007dbe00000|100%| E|CS|TAMS 0x00000007dbc00000| PB 0x00000007dbc00000| Complete 
|1247|0x00000007dbe00000, 0x00000007dc000000, 0x00000007dc000000|100%| E|CS|TAMS 0x00000007dbe00000| PB 0x00000007dbe00000| Complete 
|1248|0x00000007dc000000, 0x00000007dc200000, 0x00000007dc200000|100%| E|CS|TAMS 0x00000007dc000000| PB 0x00000007dc000000| Complete 
|1249|0x00000007dc200000, 0x00000007dc400000, 0x00000007dc400000|100%| E|CS|TAMS 0x00000007dc200000| PB 0x00000007dc200000| Complete 
|1250|0x00000007dc400000, 0x00000007dc600000, 0x00000007dc600000|100%| E|CS|TAMS 0x00000007dc400000| PB 0x00000007dc400000| Complete 
|1251|0x00000007dc600000, 0x00000007dc800000, 0x00000007dc800000|100%| E|CS|TAMS 0x00000007dc600000| PB 0x00000007dc600000| Complete 
|1252|0x00000007dc800000, 0x00000007dca00000, 0x00000007dca00000|100%| E|CS|TAMS 0x00000007dc800000| PB 0x00000007dc800000| Complete 
|1253|0x00000007dca00000, 0x00000007dcc00000, 0x00000007dcc00000|100%| E|CS|TAMS 0x00000007dca00000| PB 0x00000007dca00000| Complete 
|1254|0x00000007dcc00000, 0x00000007dce00000, 0x00000007dce00000|100%| E|CS|TAMS 0x00000007dcc00000| PB 0x00000007dcc00000| Complete 
|1255|0x00000007dce00000, 0x00000007dd000000, 0x00000007dd000000|100%| E|CS|TAMS 0x00000007dce00000| PB 0x00000007dce00000| Complete 
|1256|0x00000007dd000000, 0x00000007dd200000, 0x00000007dd200000|100%| E|CS|TAMS 0x00000007dd000000| PB 0x00000007dd000000| Complete 
|1257|0x00000007dd200000, 0x00000007dd400000, 0x00000007dd400000|100%| E|CS|TAMS 0x00000007dd200000| PB 0x00000007dd200000| Complete 
|1258|0x00000007dd400000, 0x00000007dd600000, 0x00000007dd600000|100%| E|CS|TAMS 0x00000007dd400000| PB 0x00000007dd400000| Complete 
|1259|0x00000007dd600000, 0x00000007dd800000, 0x00000007dd800000|100%| E|CS|TAMS 0x00000007dd600000| PB 0x00000007dd600000| Complete 
|1260|0x00000007dd800000, 0x00000007dda00000, 0x00000007dda00000|100%| E|CS|TAMS 0x00000007dd800000| PB 0x00000007dd800000| Complete 
|1261|0x00000007dda00000, 0x00000007ddc00000, 0x00000007ddc00000|100%| E|CS|TAMS 0x00000007dda00000| PB 0x00000007dda00000| Complete 
|1262|0x00000007ddc00000, 0x00000007dde00000, 0x00000007dde00000|100%| E|CS|TAMS 0x00000007ddc00000| PB 0x00000007ddc00000| Complete 
|1263|0x00000007dde00000, 0x00000007de000000, 0x00000007de000000|100%| E|CS|TAMS 0x00000007dde00000| PB 0x00000007dde00000| Complete 
|1264|0x00000007de000000, 0x00000007de200000, 0x00000007de200000|100%| E|CS|TAMS 0x00000007de000000| PB 0x00000007de000000| Complete 
|1265|0x00000007de200000, 0x00000007de400000, 0x00000007de400000|100%| E|CS|TAMS 0x00000007de200000| PB 0x00000007de200000| Complete 
|1266|0x00000007de400000, 0x00000007de600000, 0x00000007de600000|100%| E|CS|TAMS 0x00000007de400000| PB 0x00000007de400000| Complete 
|1267|0x00000007de600000, 0x00000007de800000, 0x00000007de800000|100%| E|CS|TAMS 0x00000007de600000| PB 0x00000007de600000| Complete 
|1268|0x00000007de800000, 0x00000007dea00000, 0x00000007dea00000|100%| E|CS|TAMS 0x00000007de800000| PB 0x00000007de800000| Complete 
|1269|0x00000007dea00000, 0x00000007dec00000, 0x00000007dec00000|100%| E|CS|TAMS 0x00000007dea00000| PB 0x00000007dea00000| Complete 
|1270|0x00000007dec00000, 0x00000007dee00000, 0x00000007dee00000|100%| E|CS|TAMS 0x00000007dec00000| PB 0x00000007dec00000| Complete 
|1271|0x00000007dee00000, 0x00000007df000000, 0x00000007df000000|100%| E|CS|TAMS 0x00000007dee00000| PB 0x00000007dee00000| Complete 
|1272|0x00000007df000000, 0x00000007df200000, 0x00000007df200000|100%| E|CS|TAMS 0x00000007df000000| PB 0x00000007df000000| Complete 
|1273|0x00000007df200000, 0x00000007df400000, 0x00000007df400000|100%| E|CS|TAMS 0x00000007df200000| PB 0x00000007df200000| Complete 
|1274|0x00000007df400000, 0x00000007df600000, 0x00000007df600000|100%| E|CS|TAMS 0x00000007df400000| PB 0x00000007df400000| Complete 
|1275|0x00000007df600000, 0x00000007df800000, 0x00000007df800000|100%| E|CS|TAMS 0x00000007df600000| PB 0x00000007df600000| Complete 
|1276|0x00000007df800000, 0x00000007dfa00000, 0x00000007dfa00000|100%| E|CS|TAMS 0x00000007df800000| PB 0x00000007df800000| Complete 
|1277|0x00000007dfa00000, 0x00000007dfc00000, 0x00000007dfc00000|100%| E|CS|TAMS 0x00000007dfa00000| PB 0x00000007dfa00000| Complete 
|1278|0x00000007dfc00000, 0x00000007dfe00000, 0x00000007dfe00000|100%| E|CS|TAMS 0x00000007dfc00000| PB 0x00000007dfc00000| Complete 
|1279|0x00000007dfe00000, 0x00000007e0000000, 0x00000007e0000000|100%| E|CS|TAMS 0x00000007dfe00000| PB 0x00000007dfe00000| Complete 
|1280|0x00000007e0000000, 0x00000007e0200000, 0x00000007e0200000|100%| E|CS|TAMS 0x00000007e0000000| PB 0x00000007e0000000| Complete 
|1281|0x00000007e0200000, 0x00000007e0400000, 0x00000007e0400000|100%| E|CS|TAMS 0x00000007e0200000| PB 0x00000007e0200000| Complete 
|1282|0x00000007e0400000, 0x00000007e0600000, 0x00000007e0600000|100%| E|CS|TAMS 0x00000007e0400000| PB 0x00000007e0400000| Complete 
|1283|0x00000007e0600000, 0x00000007e0800000, 0x00000007e0800000|100%| E|CS|TAMS 0x00000007e0600000| PB 0x00000007e0600000| Complete 
|1284|0x00000007e0800000, 0x00000007e0a00000, 0x00000007e0a00000|100%| E|CS|TAMS 0x00000007e0800000| PB 0x00000007e0800000| Complete 
|1285|0x00000007e0a00000, 0x00000007e0c00000, 0x00000007e0c00000|100%| E|CS|TAMS 0x00000007e0a00000| PB 0x00000007e0a00000| Complete 
|1286|0x00000007e0c00000, 0x00000007e0e00000, 0x00000007e0e00000|100%| E|CS|TAMS 0x00000007e0c00000| PB 0x00000007e0c00000| Complete 
|1287|0x00000007e0e00000, 0x00000007e1000000, 0x00000007e1000000|100%| E|CS|TAMS 0x00000007e0e00000| PB 0x00000007e0e00000| Complete 
|1288|0x00000007e1000000, 0x00000007e1200000, 0x00000007e1200000|100%| E|CS|TAMS 0x00000007e1000000| PB 0x00000007e1000000| Complete 
|1289|0x00000007e1200000, 0x00000007e1400000, 0x00000007e1400000|100%| E|CS|TAMS 0x00000007e1200000| PB 0x00000007e1200000| Complete 
|1290|0x00000007e1400000, 0x00000007e1600000, 0x00000007e1600000|100%| E|CS|TAMS 0x00000007e1400000| PB 0x00000007e1400000| Complete 
|1291|0x00000007e1600000, 0x00000007e1800000, 0x00000007e1800000|100%| E|CS|TAMS 0x00000007e1600000| PB 0x00000007e1600000| Complete 
|1292|0x00000007e1800000, 0x00000007e1a00000, 0x00000007e1a00000|100%| E|CS|TAMS 0x00000007e1800000| PB 0x00000007e1800000| Complete 
|1293|0x00000007e1a00000, 0x00000007e1c00000, 0x00000007e1c00000|100%| E|CS|TAMS 0x00000007e1a00000| PB 0x00000007e1a00000| Complete 
|1294|0x00000007e1c00000, 0x00000007e1e00000, 0x00000007e1e00000|100%| E|CS|TAMS 0x00000007e1c00000| PB 0x00000007e1c00000| Complete 
|1295|0x00000007e1e00000, 0x00000007e2000000, 0x00000007e2000000|100%| E|CS|TAMS 0x00000007e1e00000| PB 0x00000007e1e00000| Complete 
|1296|0x00000007e2000000, 0x00000007e2200000, 0x00000007e2200000|100%| E|CS|TAMS 0x00000007e2000000| PB 0x00000007e2000000| Complete 
|1297|0x00000007e2200000, 0x00000007e2400000, 0x00000007e2400000|100%| E|CS|TAMS 0x00000007e2200000| PB 0x00000007e2200000| Complete 
|1298|0x00000007e2400000, 0x00000007e2600000, 0x00000007e2600000|100%| E|CS|TAMS 0x00000007e2400000| PB 0x00000007e2400000| Complete 
|1299|0x00000007e2600000, 0x00000007e2800000, 0x00000007e2800000|100%| E|CS|TAMS 0x00000007e2600000| PB 0x00000007e2600000| Complete 
|1300|0x00000007e2800000, 0x00000007e2a00000, 0x00000007e2a00000|100%| E|CS|TAMS 0x00000007e2800000| PB 0x00000007e2800000| Complete 
|1301|0x00000007e2a00000, 0x00000007e2c00000, 0x00000007e2c00000|100%| E|CS|TAMS 0x00000007e2a00000| PB 0x00000007e2a00000| Complete 
|1302|0x00000007e2c00000, 0x00000007e2e00000, 0x00000007e2e00000|100%| E|CS|TAMS 0x00000007e2c00000| PB 0x00000007e2c00000| Complete 
|1303|0x00000007e2e00000, 0x00000007e3000000, 0x00000007e3000000|100%| E|CS|TAMS 0x00000007e2e00000| PB 0x00000007e2e00000| Complete 
|1304|0x00000007e3000000, 0x00000007e3200000, 0x00000007e3200000|100%| E|CS|TAMS 0x00000007e3000000| PB 0x00000007e3000000| Complete 
|1305|0x00000007e3200000, 0x00000007e3400000, 0x00000007e3400000|100%| E|CS|TAMS 0x00000007e3200000| PB 0x00000007e3200000| Complete 
|1306|0x00000007e3400000, 0x00000007e3600000, 0x00000007e3600000|100%| E|CS|TAMS 0x00000007e3400000| PB 0x00000007e3400000| Complete 
|1307|0x00000007e3600000, 0x00000007e3800000, 0x00000007e3800000|100%| E|CS|TAMS 0x00000007e3600000| PB 0x00000007e3600000| Complete 
|1308|0x00000007e3800000, 0x00000007e3a00000, 0x00000007e3a00000|100%| E|CS|TAMS 0x00000007e3800000| PB 0x00000007e3800000| Complete 
|1309|0x00000007e3a00000, 0x00000007e3c00000, 0x00000007e3c00000|100%| E|CS|TAMS 0x00000007e3a00000| PB 0x00000007e3a00000| Complete 
|1310|0x00000007e3c00000, 0x00000007e3e00000, 0x00000007e3e00000|100%| E|CS|TAMS 0x00000007e3c00000| PB 0x00000007e3c00000| Complete 
|1311|0x00000007e3e00000, 0x00000007e4000000, 0x00000007e4000000|100%| E|CS|TAMS 0x00000007e3e00000| PB 0x00000007e3e00000| Complete 
|1312|0x00000007e4000000, 0x00000007e4200000, 0x00000007e4200000|100%| E|CS|TAMS 0x00000007e4000000| PB 0x00000007e4000000| Complete 
|1313|0x00000007e4200000, 0x00000007e4400000, 0x00000007e4400000|100%| E|CS|TAMS 0x00000007e4200000| PB 0x00000007e4200000| Complete 
|1314|0x00000007e4400000, 0x00000007e4600000, 0x00000007e4600000|100%| E|CS|TAMS 0x00000007e4400000| PB 0x00000007e4400000| Complete 
|1315|0x00000007e4600000, 0x00000007e4800000, 0x00000007e4800000|100%| E|CS|TAMS 0x00000007e4600000| PB 0x00000007e4600000| Complete 
|1316|0x00000007e4800000, 0x00000007e4a00000, 0x00000007e4a00000|100%| E|CS|TAMS 0x00000007e4800000| PB 0x00000007e4800000| Complete 
|1317|0x00000007e4a00000, 0x00000007e4c00000, 0x00000007e4c00000|100%| E|CS|TAMS 0x00000007e4a00000| PB 0x00000007e4a00000| Complete 
|1318|0x00000007e4c00000, 0x00000007e4e00000, 0x00000007e4e00000|100%| E|CS|TAMS 0x00000007e4c00000| PB 0x00000007e4c00000| Complete 
|1319|0x00000007e4e00000, 0x00000007e5000000, 0x00000007e5000000|100%| E|CS|TAMS 0x00000007e4e00000| PB 0x00000007e4e00000| Complete 
|1320|0x00000007e5000000, 0x00000007e5200000, 0x00000007e5200000|100%| E|CS|TAMS 0x00000007e5000000| PB 0x00000007e5000000| Complete 
|1321|0x00000007e5200000, 0x00000007e5400000, 0x00000007e5400000|100%| E|CS|TAMS 0x00000007e5200000| PB 0x00000007e5200000| Complete 
|1322|0x00000007e5400000, 0x00000007e5600000, 0x00000007e5600000|100%| E|CS|TAMS 0x00000007e5400000| PB 0x00000007e5400000| Complete 
|1323|0x00000007e5600000, 0x00000007e5800000, 0x00000007e5800000|100%| E|CS|TAMS 0x00000007e5600000| PB 0x00000007e5600000| Complete 
|1324|0x00000007e5800000, 0x00000007e5a00000, 0x00000007e5a00000|100%| E|CS|TAMS 0x00000007e5800000| PB 0x00000007e5800000| Complete 
|1325|0x00000007e5a00000, 0x00000007e5c00000, 0x00000007e5c00000|100%| E|CS|TAMS 0x00000007e5a00000| PB 0x00000007e5a00000| Complete 
|1326|0x00000007e5c00000, 0x00000007e5e00000, 0x00000007e5e00000|100%| E|CS|TAMS 0x00000007e5c00000| PB 0x00000007e5c00000| Complete 
|1327|0x00000007e5e00000, 0x00000007e6000000, 0x00000007e6000000|100%| E|CS|TAMS 0x00000007e5e00000| PB 0x00000007e5e00000| Complete 
|1328|0x00000007e6000000, 0x00000007e6200000, 0x00000007e6200000|100%| E|CS|TAMS 0x00000007e6000000| PB 0x00000007e6000000| Complete 
|1329|0x00000007e6200000, 0x00000007e6400000, 0x00000007e6400000|100%| E|CS|TAMS 0x00000007e6200000| PB 0x00000007e6200000| Complete 
|1330|0x00000007e6400000, 0x00000007e6600000, 0x00000007e6600000|100%| E|CS|TAMS 0x00000007e6400000| PB 0x00000007e6400000| Complete 
|1331|0x00000007e6600000, 0x00000007e6800000, 0x00000007e6800000|100%| E|CS|TAMS 0x00000007e6600000| PB 0x00000007e6600000| Complete 
|1332|0x00000007e6800000, 0x00000007e6a00000, 0x00000007e6a00000|100%| E|CS|TAMS 0x00000007e6800000| PB 0x00000007e6800000| Complete 
|1333|0x00000007e6a00000, 0x00000007e6c00000, 0x00000007e6c00000|100%| E|CS|TAMS 0x00000007e6a00000| PB 0x00000007e6a00000| Complete 
|1334|0x00000007e6c00000, 0x00000007e6e00000, 0x00000007e6e00000|100%| E|CS|TAMS 0x00000007e6c00000| PB 0x00000007e6c00000| Complete 
|1335|0x00000007e6e00000, 0x00000007e7000000, 0x00000007e7000000|100%| E|CS|TAMS 0x00000007e6e00000| PB 0x00000007e6e00000| Complete 
|1336|0x00000007e7000000, 0x00000007e7200000, 0x00000007e7200000|100%| E|CS|TAMS 0x00000007e7000000| PB 0x00000007e7000000| Complete 
|1337|0x00000007e7200000, 0x00000007e7400000, 0x00000007e7400000|100%| E|CS|TAMS 0x00000007e7200000| PB 0x00000007e7200000| Complete 
|1338|0x00000007e7400000, 0x00000007e7600000, 0x00000007e7600000|100%| E|CS|TAMS 0x00000007e7400000| PB 0x00000007e7400000| Complete 
|1339|0x00000007e7600000, 0x00000007e7800000, 0x00000007e7800000|100%| E|CS|TAMS 0x00000007e7600000| PB 0x00000007e7600000| Complete 
|1340|0x00000007e7800000, 0x00000007e7a00000, 0x00000007e7a00000|100%| E|CS|TAMS 0x00000007e7800000| PB 0x00000007e7800000| Complete 
|1341|0x00000007e7a00000, 0x00000007e7c00000, 0x00000007e7c00000|100%| E|CS|TAMS 0x00000007e7a00000| PB 0x00000007e7a00000| Complete 
|1342|0x00000007e7c00000, 0x00000007e7e00000, 0x00000007e7e00000|100%| E|CS|TAMS 0x00000007e7c00000| PB 0x00000007e7c00000| Complete 
|1343|0x00000007e7e00000, 0x00000007e8000000, 0x00000007e8000000|100%| E|CS|TAMS 0x00000007e7e00000| PB 0x00000007e7e00000| Complete 
|1344|0x00000007e8000000, 0x00000007e8200000, 0x00000007e8200000|100%| E|CS|TAMS 0x00000007e8000000| PB 0x00000007e8000000| Complete 
|1345|0x00000007e8200000, 0x00000007e8400000, 0x00000007e8400000|100%| E|CS|TAMS 0x00000007e8200000| PB 0x00000007e8200000| Complete 
|1346|0x00000007e8400000, 0x00000007e8600000, 0x00000007e8600000|100%| E|CS|TAMS 0x00000007e8400000| PB 0x00000007e8400000| Complete 
|1347|0x00000007e8600000, 0x00000007e8800000, 0x00000007e8800000|100%| E|CS|TAMS 0x00000007e8600000| PB 0x00000007e8600000| Complete 
|1348|0x00000007e8800000, 0x00000007e8a00000, 0x00000007e8a00000|100%| E|CS|TAMS 0x00000007e8800000| PB 0x00000007e8800000| Complete 
|1349|0x00000007e8a00000, 0x00000007e8c00000, 0x00000007e8c00000|100%| E|CS|TAMS 0x00000007e8a00000| PB 0x00000007e8a00000| Complete 
|1350|0x00000007e8c00000, 0x00000007e8e00000, 0x00000007e8e00000|100%| E|CS|TAMS 0x00000007e8c00000| PB 0x00000007e8c00000| Complete 
|1351|0x00000007e8e00000, 0x00000007e9000000, 0x00000007e9000000|100%| E|CS|TAMS 0x00000007e8e00000| PB 0x00000007e8e00000| Complete 
|1352|0x00000007e9000000, 0x00000007e9200000, 0x00000007e9200000|100%| E|CS|TAMS 0x00000007e9000000| PB 0x00000007e9000000| Complete 
|1353|0x00000007e9200000, 0x00000007e9400000, 0x00000007e9400000|100%| E|CS|TAMS 0x00000007e9200000| PB 0x00000007e9200000| Complete 
|1354|0x00000007e9400000, 0x00000007e9600000, 0x00000007e9600000|100%| E|CS|TAMS 0x00000007e9400000| PB 0x00000007e9400000| Complete 
|1355|0x00000007e9600000, 0x00000007e9800000, 0x00000007e9800000|100%| E|CS|TAMS 0x00000007e9600000| PB 0x00000007e9600000| Complete 
|1356|0x00000007e9800000, 0x00000007e9a00000, 0x00000007e9a00000|100%| E|CS|TAMS 0x00000007e9800000| PB 0x00000007e9800000| Complete 
|1357|0x00000007e9a00000, 0x00000007e9c00000, 0x00000007e9c00000|100%| E|CS|TAMS 0x00000007e9a00000| PB 0x00000007e9a00000| Complete 
|1358|0x00000007e9c00000, 0x00000007e9e00000, 0x00000007e9e00000|100%| E|CS|TAMS 0x00000007e9c00000| PB 0x00000007e9c00000| Complete 
|1359|0x00000007e9e00000, 0x00000007ea000000, 0x00000007ea000000|100%| E|CS|TAMS 0x00000007e9e00000| PB 0x00000007e9e00000| Complete 
|1360|0x00000007ea000000, 0x00000007ea200000, 0x00000007ea200000|100%| E|CS|TAMS 0x00000007ea000000| PB 0x00000007ea000000| Complete 
|1361|0x00000007ea200000, 0x00000007ea400000, 0x00000007ea400000|100%| E|CS|TAMS 0x00000007ea200000| PB 0x00000007ea200000| Complete 
|1362|0x00000007ea400000, 0x00000007ea600000, 0x00000007ea600000|100%| E|CS|TAMS 0x00000007ea400000| PB 0x00000007ea400000| Complete 
|1363|0x00000007ea600000, 0x00000007ea800000, 0x00000007ea800000|100%| E|CS|TAMS 0x00000007ea600000| PB 0x00000007ea600000| Complete 
|1364|0x00000007ea800000, 0x00000007eaa00000, 0x00000007eaa00000|100%| E|CS|TAMS 0x00000007ea800000| PB 0x00000007ea800000| Complete 
|1365|0x00000007eaa00000, 0x00000007eac00000, 0x00000007eac00000|100%| E|CS|TAMS 0x00000007eaa00000| PB 0x00000007eaa00000| Complete 
|1366|0x00000007eac00000, 0x00000007eae00000, 0x00000007eae00000|100%| E|CS|TAMS 0x00000007eac00000| PB 0x00000007eac00000| Complete 
|1367|0x00000007eae00000, 0x00000007eb000000, 0x00000007eb000000|100%| E|CS|TAMS 0x00000007eae00000| PB 0x00000007eae00000| Complete 
|1368|0x00000007eb000000, 0x00000007eb200000, 0x00000007eb200000|100%| E|CS|TAMS 0x00000007eb000000| PB 0x00000007eb000000| Complete 
|1369|0x00000007eb200000, 0x00000007eb400000, 0x00000007eb400000|100%| E|CS|TAMS 0x00000007eb200000| PB 0x00000007eb200000| Complete 
|1370|0x00000007eb400000, 0x00000007eb600000, 0x00000007eb600000|100%| E|CS|TAMS 0x00000007eb400000| PB 0x00000007eb400000| Complete 
|1371|0x00000007eb600000, 0x00000007eb800000, 0x00000007eb800000|100%| E|CS|TAMS 0x00000007eb600000| PB 0x00000007eb600000| Complete 
|1372|0x00000007eb800000, 0x00000007eba00000, 0x00000007eba00000|100%| E|CS|TAMS 0x00000007eb800000| PB 0x00000007eb800000| Complete 
|1373|0x00000007eba00000, 0x00000007ebc00000, 0x00000007ebc00000|100%| E|CS|TAMS 0x00000007eba00000| PB 0x00000007eba00000| Complete 
|1374|0x00000007ebc00000, 0x00000007ebe00000, 0x00000007ebe00000|100%| E|CS|TAMS 0x00000007ebc00000| PB 0x00000007ebc00000| Complete 
|1375|0x00000007ebe00000, 0x00000007ec000000, 0x00000007ec000000|100%| E|CS|TAMS 0x00000007ebe00000| PB 0x00000007ebe00000| Complete 
|1376|0x00000007ec000000, 0x00000007ec200000, 0x00000007ec200000|100%| E|CS|TAMS 0x00000007ec000000| PB 0x00000007ec000000| Complete 
|1377|0x00000007ec200000, 0x00000007ec400000, 0x00000007ec400000|100%| E|CS|TAMS 0x00000007ec200000| PB 0x00000007ec200000| Complete 
|1378|0x00000007ec400000, 0x00000007ec600000, 0x00000007ec600000|100%| E|CS|TAMS 0x00000007ec400000| PB 0x00000007ec400000| Complete 
|1379|0x00000007ec600000, 0x00000007ec800000, 0x00000007ec800000|100%| E|CS|TAMS 0x00000007ec600000| PB 0x00000007ec600000| Complete 
|1380|0x00000007ec800000, 0x00000007eca00000, 0x00000007eca00000|100%| E|CS|TAMS 0x00000007ec800000| PB 0x00000007ec800000| Complete 
|1381|0x00000007eca00000, 0x00000007ecc00000, 0x00000007ecc00000|100%| E|CS|TAMS 0x00000007eca00000| PB 0x00000007eca00000| Complete 
|1382|0x00000007ecc00000, 0x00000007ece00000, 0x00000007ece00000|100%| E|CS|TAMS 0x00000007ecc00000| PB 0x00000007ecc00000| Complete 
|1383|0x00000007ece00000, 0x00000007ed000000, 0x00000007ed000000|100%| E|CS|TAMS 0x00000007ece00000| PB 0x00000007ece00000| Complete 
|1384|0x00000007ed000000, 0x00000007ed200000, 0x00000007ed200000|100%| E|CS|TAMS 0x00000007ed000000| PB 0x00000007ed000000| Complete 
|1385|0x00000007ed200000, 0x00000007ed400000, 0x00000007ed400000|100%| E|CS|TAMS 0x00000007ed200000| PB 0x00000007ed200000| Complete 
|1386|0x00000007ed400000, 0x00000007ed600000, 0x00000007ed600000|100%| E|CS|TAMS 0x00000007ed400000| PB 0x00000007ed400000| Complete 
|1387|0x00000007ed600000, 0x00000007ed800000, 0x00000007ed800000|100%| E|CS|TAMS 0x00000007ed600000| PB 0x00000007ed600000| Complete 
|1388|0x00000007ed800000, 0x00000007eda00000, 0x00000007eda00000|100%| E|CS|TAMS 0x00000007ed800000| PB 0x00000007ed800000| Complete 
|1389|0x00000007eda00000, 0x00000007edc00000, 0x00000007edc00000|100%| E|CS|TAMS 0x00000007eda00000| PB 0x00000007eda00000| Complete 
|1390|0x00000007edc00000, 0x00000007ede00000, 0x00000007ede00000|100%| E|CS|TAMS 0x00000007edc00000| PB 0x00000007edc00000| Complete 
|1391|0x00000007ede00000, 0x00000007ee000000, 0x00000007ee000000|100%| E|CS|TAMS 0x00000007ede00000| PB 0x00000007ede00000| Complete 
|1392|0x00000007ee000000, 0x00000007ee200000, 0x00000007ee200000|100%| E|CS|TAMS 0x00000007ee000000| PB 0x00000007ee000000| Complete 
|1393|0x00000007ee200000, 0x00000007ee400000, 0x00000007ee400000|100%| E|CS|TAMS 0x00000007ee200000| PB 0x00000007ee200000| Complete 
|1394|0x00000007ee400000, 0x00000007ee600000, 0x00000007ee600000|100%| E|CS|TAMS 0x00000007ee400000| PB 0x00000007ee400000| Complete 
|1395|0x00000007ee600000, 0x00000007ee800000, 0x00000007ee800000|100%| E|CS|TAMS 0x00000007ee600000| PB 0x00000007ee600000| Complete 
|1396|0x00000007ee800000, 0x00000007eea00000, 0x00000007eea00000|100%| E|CS|TAMS 0x00000007ee800000| PB 0x00000007ee800000| Complete 
|1397|0x00000007eea00000, 0x00000007eec00000, 0x00000007eec00000|100%| E|CS|TAMS 0x00000007eea00000| PB 0x00000007eea00000| Complete 
|1398|0x00000007eec00000, 0x00000007eee00000, 0x00000007eee00000|100%| E|CS|TAMS 0x00000007eec00000| PB 0x00000007eec00000| Complete 
|1399|0x00000007eee00000, 0x00000007ef000000, 0x00000007ef000000|100%| E|CS|TAMS 0x00000007eee00000| PB 0x00000007eee00000| Complete 
|1400|0x00000007ef000000, 0x00000007ef200000, 0x00000007ef200000|100%| E|CS|TAMS 0x00000007ef000000| PB 0x00000007ef000000| Complete 
|1401|0x00000007ef200000, 0x00000007ef400000, 0x00000007ef400000|100%| E|CS|TAMS 0x00000007ef200000| PB 0x00000007ef200000| Complete 
|1402|0x00000007ef400000, 0x00000007ef600000, 0x00000007ef600000|100%| E|CS|TAMS 0x00000007ef400000| PB 0x00000007ef400000| Complete 
|1403|0x00000007ef600000, 0x00000007ef800000, 0x00000007ef800000|100%| E|CS|TAMS 0x00000007ef600000| PB 0x00000007ef600000| Complete 
|1404|0x00000007ef800000, 0x00000007efa00000, 0x00000007efa00000|100%| E|CS|TAMS 0x00000007ef800000| PB 0x00000007ef800000| Complete 
|1405|0x00000007efa00000, 0x00000007efc00000, 0x00000007efc00000|100%| E|CS|TAMS 0x00000007efa00000| PB 0x00000007efa00000| Complete 
|1406|0x00000007efc00000, 0x00000007efe00000, 0x00000007efe00000|100%| E|CS|TAMS 0x00000007efc00000| PB 0x00000007efc00000| Complete 
|1407|0x00000007efe00000, 0x00000007f0000000, 0x00000007f0000000|100%| E|CS|TAMS 0x00000007efe00000| PB 0x00000007efe00000| Complete 
|1408|0x00000007f0000000, 0x00000007f0200000, 0x00000007f0200000|100%| E|CS|TAMS 0x00000007f0000000| PB 0x00000007f0000000| Complete 
|1409|0x00000007f0200000, 0x00000007f0400000, 0x00000007f0400000|100%| E|CS|TAMS 0x00000007f0200000| PB 0x00000007f0200000| Complete 
|1410|0x00000007f0400000, 0x00000007f0600000, 0x00000007f0600000|100%| E|CS|TAMS 0x00000007f0400000| PB 0x00000007f0400000| Complete 
|1411|0x00000007f0600000, 0x00000007f0800000, 0x00000007f0800000|100%| E|CS|TAMS 0x00000007f0600000| PB 0x00000007f0600000| Complete 
|1412|0x00000007f0800000, 0x00000007f0a00000, 0x00000007f0a00000|100%| E|CS|TAMS 0x00000007f0800000| PB 0x00000007f0800000| Complete 
|1413|0x00000007f0a00000, 0x00000007f0c00000, 0x00000007f0c00000|100%| E|CS|TAMS 0x00000007f0a00000| PB 0x00000007f0a00000| Complete 
|1414|0x00000007f0c00000, 0x00000007f0e00000, 0x00000007f0e00000|100%| E|CS|TAMS 0x00000007f0c00000| PB 0x00000007f0c00000| Complete 
|1415|0x00000007f0e00000, 0x00000007f1000000, 0x00000007f1000000|100%| E|CS|TAMS 0x00000007f0e00000| PB 0x00000007f0e00000| Complete 
|1535|0x00000007ffe00000, 0x0000000800000000, 0x0000000800000000|100%| E|CS|TAMS 0x00000007ffe00000| PB 0x00000007ffe00000| Complete 

Card table byte_map: [0x0000016dda1a0000,0x0000016dda7a0000] _byte_map_base: 0x0000016dd67a0000

Marking Bits: (CMBitMap*) 0x0000016dc0757790
 Bits: [0x0000016dda7a0000, 0x0000016ddd7a0000)

Polling page: 0x0000016dc07a0000

Metaspace:

Usage:
  Non-class:     24.04 MB used.
      Class:      2.86 MB used.
       Both:     26.90 MB used.

Virtual space:
  Non-class space:       64.00 MB reserved,      24.19 MB ( 38%) committed,  1 nodes.
      Class space:        1.00 GB reserved,       3.00 MB ( <1%) committed,  1 nodes.
             Both:        1.06 GB reserved,      27.19 MB (  2%) committed. 

Chunk freelists:
   Non-Class:  6.88 MB
       Class:  12.97 MB
        Both:  19.84 MB

MaxMetaspaceSize: unlimited
CompressedClassSpaceSize: 1.00 GB
Initial GC threshold: 21.00 MB
Current GC threshold: 45.31 MB
CDS: on
 - commit_granule_bytes: 65536.
 - commit_granule_words: 8192.
 - virtual_space_node_default_size: 8388608.
 - enlarge_chunks_in_place: 1.
 - use_allocation_guard: 0.


Internal statistics:

num_allocs_failed_limit: 3.
num_arena_births: 278.
num_arena_deaths: 0.
num_vsnodes_births: 2.
num_vsnodes_deaths: 0.
num_space_committed: 435.
num_space_uncommitted: 0.
num_chunks_returned_to_freelist: 3.
num_chunks_taken_from_freelist: 1014.
num_chunk_merges: 3.
num_chunk_splits: 732.
num_chunks_enlarged: 577.
num_inconsistent_stats: 0.

CodeHeap 'non-profiled nmethods': size=120000Kb used=1450Kb max_used=1450Kb free=118549Kb
 bounds [0x0000016dd1c10000, 0x0000016dd1e80000, 0x0000016dd9140000]
CodeHeap 'profiled nmethods': size=120000Kb used=3954Kb max_used=4018Kb free=116045Kb
 bounds [0x0000016dca140000, 0x0000016dca530000, 0x0000016dd1670000]
CodeHeap 'non-nmethods': size=5760Kb used=1700Kb max_used=1745Kb free=4059Kb
 bounds [0x0000016dd1670000, 0x0000016dd18e0000, 0x0000016dd1c10000]
 total_blobs=2980 nmethods=2383 adapters=501
 compilation: enabled
              stopped_count=0, restarted_count=0
 full_count=0

Compilation events (20 events):
Event: 27.135 Thread 0x0000016de03e8450 2946       3       org.apache.parquet.bytes.BytesInput::toInputStream (15 bytes)
Event: 27.136 Thread 0x0000016de03e8450 nmethod 2946 0x0000016dca231b10 code [0x0000016dca231d20, 0x0000016dca2324f8]
Event: 27.705 Thread 0x0000016de03e8450 2947   !   3       java.lang.Thread::sleep (82 bytes)
Event: 27.705 Thread 0x0000016de03e8450 nmethod 2947 0x0000016dca230d10 code [0x0000016dca230f40, 0x0000016dca2317e8]
Event: 27.705 Thread 0x0000016de03e8450 2948   !   3       java.lang.Thread::beforeSleep (33 bytes)
Event: 27.706 Thread 0x0000016de03e8450 nmethod 2948 0x0000016dca256e90 code [0x0000016dca257040, 0x0000016dca257208]
Event: 28.623 Thread 0x0000016de03d75a0 2950       4       org.apache.hadoop.io.compress.DecompressorStream::checkStream (18 bytes)
Event: 28.624 Thread 0x0000016de03d75a0 nmethod 2950 0x0000016dd1d77410 code [0x0000016dd1d775a0, 0x0000016dd1d77648]
Event: 28.625 Thread 0x0000016de03d75a0 2951       4       org.apache.hadoop.io.compress.DecompressorStream::decompress (237 bytes)
Event: 28.625 Thread 0x0000016de03e8450 2953  s    2       org.apache.hadoop.io.compress.zlib.BuiltInGzipDecompressor::finished (16 bytes)
Event: 28.626 Thread 0x0000016de03e8450 nmethod 2953 0x0000016dca230890 code [0x0000016dca230a40, 0x0000016dca230c30]
Event: 28.626 Thread 0x0000016de03e8450 2954       2       org.apache.hadoop.io.compress.DecompressorStream::getCompressedData (22 bytes)
Event: 28.626 Thread 0x0000016de03e8450 nmethod 2954 0x0000016dca230390 code [0x0000016dca230560, 0x0000016dca230788]
Event: 28.626 Thread 0x0000016de03e8450 2955  s    2       org.apache.hadoop.io.compress.zlib.BuiltInGzipDecompressor::needsInput (34 bytes)
Event: 28.626 Thread 0x0000016de03e8450 nmethod 2955 0x0000016dca22fe10 code [0x0000016dca22ffc0, 0x0000016dca230260]
Event: 28.626 Thread 0x0000016de03e8450 2956       2       org.apache.hadoop.io.compress.DecompressorStream::read (43 bytes)
Event: 28.627 Thread 0x0000016de03e8450 nmethod 2956 0x0000016dca22f710 code [0x0000016dca22f900, 0x0000016dca22fc40]
Event: 28.646 Thread 0x0000016de03d75a0 nmethod 2951 0x0000016dd1d77710 code [0x0000016dd1d77a00, 0x0000016dd1d79560]
Event: 28.646 Thread 0x0000016de03d75a0 2952  s    4       org.apache.hadoop.io.compress.zlib.BuiltInGzipDecompressor::needsDictionary (8 bytes)
Event: 28.647 Thread 0x0000016de03d75a0 nmethod 2952 0x0000016dd1d7a510 code [0x0000016dd1d7a6a0, 0x0000016dd1d7aa28]

GC Heap History (20 events):
Event: 22.067 GC heap before
{Heap before GC invocations=92 (full 7):
 garbage-first heap   total 1306624K, used 702084K [0x0000000740000000, 0x0000000800000000)
  region size 2048K, 65 young (133120K), 34 survivors (69632K)
 Metaspace       used 27543K, committed 27840K, reserved 1114112K
  class space    used 2931K, committed 3072K, reserved 1048576K
}
Event: 22.092 GC heap after
{Heap after GC invocations=93 (full 7):
 garbage-first heap   total 1306624K, used 654033K [0x0000000740000000, 0x0000000800000000)
  region size 2048K, 6 young (12288K), 6 survivors (12288K)
 Metaspace       used 27543K, committed 27840K, reserved 1114112K
  class space    used 2931K, committed 3072K, reserved 1048576K
}
Event: 22.674 GC heap before
{Heap before GC invocations=94 (full 7):
 garbage-first heap   total 1576960K, used 1131373K [0x0000000740000000, 0x0000000800000000)
  region size 2048K, 241 young (493568K), 6 survivors (12288K)
 Metaspace       used 27543K, committed 27840K, reserved 1114112K
  class space    used 2931K, committed 3072K, reserved 1048576K
}
Event: 22.732 GC heap after
{Heap after GC invocations=95 (full 7):
 garbage-first heap   total 1576960K, used 711533K [0x0000000740000000, 0x0000000800000000)
  region size 2048K, 31 young (63488K), 31 survivors (63488K)
 Metaspace       used 27543K, committed 27840K, reserved 1114112K
  class space    used 2931K, committed 3072K, reserved 1048576K
}
Event: 23.296 GC heap before
{Heap before GC invocations=95 (full 7):
 garbage-first heap   total 1576960K, used 1364845K [0x0000000740000000, 0x0000000800000000)
  region size 2048K, 346 young (708608K), 31 survivors (63488K)
 Metaspace       used 27543K, committed 27840K, reserved 1114112K
  class space    used 2931K, committed 3072K, reserved 1048576K
}
Event: 23.364 GC heap after
{Heap after GC invocations=96 (full 7):
 garbage-first heap   total 1904640K, used 787096K [0x0000000740000000, 0x0000000800000000)
  region size 2048K, 39 young (79872K), 39 survivors (79872K)
 Metaspace       used 27543K, committed 27840K, reserved 1114112K
  class space    used 2931K, committed 3072K, reserved 1048576K
}
Event: 23.437 GC heap before
{Heap before GC invocations=96 (full 7):
 garbage-first heap   total 1904640K, used 903832K [0x0000000740000000, 0x0000000800000000)
  region size 2048K, 97 young (198656K), 39 survivors (79872K)
 Metaspace       used 27543K, committed 27840K, reserved 1114112K
  class space    used 2931K, committed 3072K, reserved 1048576K
}
Event: 23.474 GC heap after
{Heap after GC invocations=97 (full 7):
 garbage-first heap   total 1904640K, used 805741K [0x0000000740000000, 0x0000000800000000)
  region size 2048K, 9 young (18432K), 9 survivors (18432K)
 Metaspace       used 27543K, committed 27840K, reserved 1114112K
  class space    used 2931K, committed 3072K, reserved 1048576K
}
Event: 24.462 GC heap before
{Heap before GC invocations=98 (full 7):
 garbage-first heap   total 2031616K, used 1647469K [0x0000000740000000, 0x0000000800000000)
  region size 2048K, 414 young (847872K), 9 survivors (18432K)
 Metaspace       used 27543K, committed 27840K, reserved 1114112K
  class space    used 2931K, committed 3072K, reserved 1048576K
}
Event: 24.543 GC heap after
{Heap after GC invocations=99 (full 7):
 garbage-first heap   total 2031616K, used 917279K [0x0000000740000000, 0x0000000800000000)
  region size 2048K, 52 young (106496K), 52 survivors (106496K)
 Metaspace       used 27543K, committed 27840K, reserved 1114112K
  class space    used 2931K, committed 3072K, reserved 1048576K
}
Event: 25.254 GC heap before
{Heap before GC invocations=99 (full 7):
 garbage-first heap   total 2031616K, used 1767199K [0x0000000740000000, 0x0000000800000000)
  region size 2048K, 465 young (952320K), 52 survivors (106496K)
 Metaspace       used 27543K, committed 27840K, reserved 1114112K
  class space    used 2931K, committed 3072K, reserved 1048576K
}
Event: 25.371 GC heap after
{Heap after GC invocations=100 (full 7):
 garbage-first heap   total 2031616K, used 1018202K [0x0000000740000000, 0x0000000800000000)
  region size 2048K, 52 young (106496K), 52 survivors (106496K)
 Metaspace       used 27543K, committed 27840K, reserved 1114112K
  class space    used 2931K, committed 3072K, reserved 1048576K
}
Event: 25.404 GC heap before
{Heap before GC invocations=100 (full 7):
 garbage-first heap   total 2031616K, used 1063258K [0x0000000740000000, 0x0000000800000000)
  region size 2048K, 75 young (153600K), 52 survivors (106496K)
 Metaspace       used 27543K, committed 27840K, reserved 1114112K
  class space    used 2931K, committed 3072K, reserved 1048576K
}
Event: 25.440 GC heap after
{Heap after GC invocations=101 (full 7):
 garbage-first heap   total 2031616K, used 1026783K [0x0000000740000000, 0x0000000800000000)
  region size 2048K, 5 young (10240K), 5 survivors (10240K)
 Metaspace       used 27543K, committed 27840K, reserved 1114112K
  class space    used 2931K, committed 3072K, reserved 1048576K
}
Event: 26.253 GC heap before
{Heap before GC invocations=102 (full 7):
 garbage-first heap   total 2772992K, used 1807071K [0x0000000740000000, 0x0000000800000000)
  region size 2048K, 382 young (782336K), 5 survivors (10240K)
 Metaspace       used 27546K, committed 27840K, reserved 1114112K
  class space    used 2931K, committed 3072K, reserved 1048576K
}
Event: 26.374 GC heap after
{Heap after GC invocations=103 (full 7):
 garbage-first heap   total 2772992K, used 1127135K [0x0000000740000000, 0x0000000800000000)
  region size 2048K, 48 young (98304K), 48 survivors (98304K)
 Metaspace       used 27546K, committed 27840K, reserved 1114112K
  class space    used 2931K, committed 3072K, reserved 1048576K
}
Event: 27.451 GC heap before
{Heap before GC invocations=103 (full 7):
 garbage-first heap   total 2772992K, used 2403039K [0x0000000740000000, 0x0000000800000000)
  region size 2048K, 665 young (1361920K), 48 survivors (98304K)
 Metaspace       used 27547K, committed 27840K, reserved 1114112K
  class space    used 2931K, committed 3072K, reserved 1048576K
}
Event: 27.586 GC heap after
{Heap after GC invocations=104 (full 7):
 garbage-first heap   total 2902016K, used 1279718K [0x0000000740000000, 0x0000000800000000)
  region size 2048K, 78 young (159744K), 78 survivors (159744K)
 Metaspace       used 27547K, committed 27840K, reserved 1114112K
  class space    used 2931K, committed 3072K, reserved 1048576K
}
Event: 27.955 GC heap before
{Heap before GC invocations=104 (full 7):
 garbage-first heap   total 2902016K, used 1713894K [0x0000000740000000, 0x0000000800000000)
  region size 2048K, 291 young (595968K), 78 survivors (159744K)
 Metaspace       used 27547K, committed 27840K, reserved 1114112K
  class space    used 2931K, committed 3072K, reserved 1048576K
}
Event: 28.060 GC heap after
{Heap after GC invocations=105 (full 7):
 garbage-first heap   total 2902016K, used 1338836K [0x0000000740000000, 0x0000000800000000)
  region size 2048K, 28 young (57344K), 28 survivors (57344K)
 Metaspace       used 27547K, committed 27840K, reserved 1114112K
  class space    used 2931K, committed 3072K, reserved 1048576K
}

Dll operation events (13 events):
Event: 0.013 Loaded shared library C:\Program Files\Java\jdk-21\bin\java.dll
Event: 0.014 Loaded shared library C:\Program Files\Java\jdk-21\bin\zip.dll
Event: 0.052 Loaded shared library C:\Program Files\Java\jdk-21\bin\jsvml.dll
Event: 0.402 Loaded shared library C:\Program Files\Java\jdk-21\bin\instrument.dll
Event: 0.468 Loaded shared library C:\Program Files\Java\jdk-21\bin\net.dll
Event: 0.471 Loaded shared library C:\Program Files\Java\jdk-21\bin\nio.dll
Event: 0.492 Loaded shared library C:\Program Files\Java\jdk-21\bin\zip.dll
Event: 0.517 Loaded shared library C:\Program Files\Java\jdk-21\bin\extnet.dll
Event: 0.824 Loaded shared library C:\Program Files\Java\jdk-21\bin\jimage.dll
Event: 1.604 Loaded shared library C:\Program Files\Java\jdk-21\bin\verify.dll
Event: 1.875 Loaded shared library C:\Program Files\Java\jdk-21\bin\management.dll
Event: 1.879 Loaded shared library C:\Program Files\Java\jdk-21\bin\management_ext.dll
Event: 2.125 Loaded shared library C:\Program Files\Java\jdk-21\bin\jaas.dll

Deoptimization events (20 events):
Event: 28.621 Thread 0x0000016dc06fdea0 Uncommon trap: trap_request=0xffffffde fr.pc=0x0000016dd1d60368 relative=0x0000000000000da8
Event: 28.621 Thread 0x0000016dc06fdea0 Uncommon trap: reason=class_check action=maybe_recompile pc=0x0000016dd1d60368 method=org.apache.hadoop.io.compress.DecompressorStream.getCompressedData()I @ 18 c2
Event: 28.621 Thread 0x0000016dc06fdea0 DEOPT PACKING pc=0x0000016dd1d60368 sp=0x00000059186fc0f0
Event: 28.621 Thread 0x0000016dc06fdea0 DEOPT UNPACKING pc=0x0000016dd16c7da2 sp=0x00000059186fbfd8 mode 2
Event: 28.621 Thread 0x0000016dc06fdea0 Uncommon trap: trap_request=0xffffffde fr.pc=0x0000016dd1d60368 relative=0x0000000000000da8
Event: 28.621 Thread 0x0000016dc06fdea0 Uncommon trap: reason=class_check action=maybe_recompile pc=0x0000016dd1d60368 method=org.apache.hadoop.io.compress.DecompressorStream.getCompressedData()I @ 18 c2
Event: 28.621 Thread 0x0000016dc06fdea0 DEOPT PACKING pc=0x0000016dd1d60368 sp=0x00000059186fc0f0
Event: 28.621 Thread 0x0000016dc06fdea0 DEOPT UNPACKING pc=0x0000016dd16c7da2 sp=0x00000059186fbfd8 mode 2
Event: 28.621 Thread 0x0000016dc06fdea0 Uncommon trap: trap_request=0xffffffde fr.pc=0x0000016dd1d60368 relative=0x0000000000000da8
Event: 28.621 Thread 0x0000016dc06fdea0 Uncommon trap: reason=class_check action=maybe_recompile pc=0x0000016dd1d60368 method=org.apache.hadoop.io.compress.DecompressorStream.getCompressedData()I @ 18 c2
Event: 28.621 Thread 0x0000016dc06fdea0 DEOPT PACKING pc=0x0000016dd1d60368 sp=0x00000059186fc0f0
Event: 28.621 Thread 0x0000016dc06fdea0 DEOPT UNPACKING pc=0x0000016dd16c7da2 sp=0x00000059186fbfd8 mode 2
Event: 28.621 Thread 0x0000016dc06fdea0 Uncommon trap: trap_request=0xffffffde fr.pc=0x0000016dd1d23f9c relative=0x0000000000000d5c
Event: 28.621 Thread 0x0000016dc06fdea0 Uncommon trap: reason=class_check action=maybe_recompile pc=0x0000016dd1d23f9c method=org.apache.hadoop.io.compress.DecompressorStream.getCompressedData()I @ 18 c2
Event: 28.621 Thread 0x0000016dc06fdea0 DEOPT PACKING pc=0x0000016dd1d23f9c sp=0x00000059186fc050
Event: 28.621 Thread 0x0000016dc06fdea0 DEOPT UNPACKING pc=0x0000016dd16c7da2 sp=0x00000059186fbfd0 mode 2
Event: 28.624 Thread 0x0000016dc06fdea0 Uncommon trap: trap_request=0xffffff45 fr.pc=0x0000016dd1c26784 relative=0x0000000000000224
Event: 28.624 Thread 0x0000016dc06fdea0 Uncommon trap: reason=unstable_if action=reinterpret pc=0x0000016dd1c26784 method=org.apache.parquet.bytes.MultiBufferInputStream.read([BII)I @ 62 c2
Event: 28.624 Thread 0x0000016dc06fdea0 DEOPT PACKING pc=0x0000016dd1c26784 sp=0x00000059186fbf70
Event: 28.624 Thread 0x0000016dc06fdea0 DEOPT UNPACKING pc=0x0000016dd16c7da2 sp=0x00000059186fbf60 mode 2

Classes loaded (20 events):
Event: 3.969 Loading class java/util/Collections$ReverseComparator
Event: 3.969 Loading class java/util/Collections$ReverseComparator done
Event: 3.969 Loading class java/util/Collections$ReverseComparator2
Event: 3.969 Loading class java/util/Collections$ReverseComparator2 done
Event: 3.970 Loading class org/assertj/core/presentation/StandardRepresentation
Event: 3.970 Loading class org/assertj/core/presentation/StandardRepresentation done
Event: 3.971 Loading class java/time/OffsetDateTime
Event: 3.971 Loading class java/time/OffsetDateTime done
Event: 3.971 Loading class java/nio/file/DirectoryStream
Event: 3.971 Loading class java/nio/file/DirectoryStream done
Event: 3.971 Loading class org/assertj/core/internal/Comparables
Event: 3.971 Loading class org/assertj/core/internal/Comparables done
Event: 3.972 Loading class org/assertj/core/internal/Longs
Event: 3.972 Loading class org/assertj/core/internal/Longs done
Event: 3.972 Loading class org/assertj/core/internal/WholeNumbers
Event: 3.972 Loading class org/assertj/core/internal/WholeNumbers done
Event: 3.972 Loading class org/assertj/core/internal/Numbers
Event: 3.972 Loading class org/assertj/core/internal/Numbers done
Event: 6.277 Loading class java/lang/foreign/MemorySegment
Event: 6.278 Loading class java/lang/foreign/MemorySegment done

Classes unloaded (0 events):
No events

Classes redefined (1 events):
Event: 0.438 Thread 0x0000016ddfe24740 redefined class name=java.lang.Throwable, count=1

Internal exceptions (20 events):
Event: 1.293 Thread 0x0000016dc06fdea0 Exception <a 'java/lang/IncompatibleClassChangeError'{0x000000074f4a8930}: Found class java.lang.Object, but interface was expected> (0x000000074f4a8930) 
thrown [s\open\src\hotspot\share\interpreter\linkResolver.cpp, line 840]
Event: 1.321 Thread 0x0000016dc06fdea0 Exception <a 'java/lang/NoSuchMethodError'{0x000000074f567a88}: 'java.lang.Object java.lang.invoke.DirectMethodHandle$Holder.newInvokeSpecial(java.lang.Object, java.lang.Object, java.lang.Object, java.lang.Object, java.lang.Object, java.lang.Object, java.lang.Object)'> (0x000000074f567a88) 
thrown [s\open\src\hotspot\share\interpreter\linkResolver.cpp, line 773]
Event: 1.327 Thread 0x0000016dc06fdea0 Exception <a 'java/lang/NoSuchMethodError'{0x000000074f578a50}: 'java.lang.Object java.lang.invoke.DirectMethodHandle$Holder.invokeInterface(java.lang.Object, java.lang.Object, java.lang.Object, java.lang.Object, java.lang.Object)'> (0x000000074f578a50) 
thrown [s\open\src\hotspot\share\interpreter\linkResolver.cpp, line 773]
Event: 1.327 Thread 0x0000016dc06fdea0 Exception <a 'java/lang/IncompatibleClassChangeError'{0x000000074f57c5b0}: Found class java.lang.Object, but interface was expected> (0x000000074f57c5b0) 
thrown [s\open\src\hotspot\share\interpreter\linkResolver.cpp, line 840]
Event: 1.395 Thread 0x0000016dc06fdea0 Exception <a 'java/lang/NoSuchMethodError'{0x000000074f5c8f70}: 'void java.lang.invoke.DirectMethodHandle$Holder.invokeVirtual(java.lang.Object, java.lang.Object)'> (0x000000074f5c8f70) 
thrown [s\open\src\hotspot\share\interpreter\linkResolver.cpp, line 773]
Event: 1.498 Thread 0x0000016dc06fdea0 Exception <a 'java/lang/ClassNotFoundException'{0x000000074f132e68}: javax/smartcardio/CardPermission> (0x000000074f132e68) 
thrown [s\open\src\hotspot\share\classfile\systemDictionary.cpp, line 312]
Event: 1.502 Thread 0x0000016dc06fdea0 Exception <a 'java/io/FileNotFoundException'{0x000000074f144138}> (0x000000074f144138) 
thrown [s\open\src\hotspot\share\prims\jni.cpp, line 520]
Event: 1.522 Thread 0x0000016dc06fdea0 Exception <a 'java/lang/NoSuchMethodError'{0x000000074f1d8090}: 'java.lang.Object java.lang.invoke.DirectMethodHandle$Holder.invokeSpecial(java.lang.Object, java.lang.Object, java.lang.Object, long, java.lang.Object)'> (0x000000074f1d8090) 
thrown [s\open\src\hotspot\share\interpreter\linkResolver.cpp, line 773]
Event: 1.522 Thread 0x0000016dc06fdea0 Exception <a 'java/lang/NoSuchMethodError'{0x000000074f1dbf78}: 'java.lang.Object java.lang.invoke.Invokers$Holder.linkToTargetMethod(java.lang.Object, long, java.lang.Object, java.lang.Object)'> (0x000000074f1dbf78) 
thrown [s\open\src\hotspot\share\interpreter\linkResolver.cpp, line 773]
Event: 1.580 Thread 0x0000016dc06fdea0 Implicit null exception at 0x0000016dd1c924ad to 0x0000016dd1c93090
Event: 1.774 Thread 0x0000016dc06fdea0 Exception <a 'java/lang/NoSuchMethodError'{0x000000074fb11938}: 'java.lang.ClassLoader java.lang.Thread.getContextClassLoader(java.lang.Class)'> (0x000000074fb11938) 
thrown [s\open\src\hotspot\share\interpreter\linkResolver.cpp, line 773]
Event: 1.777 Thread 0x0000016dc06fdea0 Exception <a 'java/lang/NoSuchMethodError'{0x000000074fb21f90}: 'void java.lang.invoke.DelegatingMethodHandle$Holder.delegate(java.lang.Object, java.lang.Object, int, java.lang.Object)'> (0x000000074fb21f90) 
thrown [s\open\src\hotspot\share\interpreter\linkResolver.cpp, line 773]
Event: 1.825 Thread 0x0000016dc06fdea0 Exception <a 'java/lang/NoSuchMethodError'{0x000000074f8a0380}: 'java.lang.Object java.lang.invoke.DirectMethodHandle$Holder.invokeStatic(java.lang.Object, int, java.lang.Object)'> (0x000000074f8a0380) 
thrown [s\open\src\hotspot\share\interpreter\linkResolver.cpp, line 773]
Event: 1.900 Thread 0x0000016dc06fdea0 Exception <a 'java/lang/NoSuchMethodError'{0x000000074f7790c8}: 'void java.lang.invoke.Invokers$Holder.invokeExact_MT(java.lang.Object, java.lang.Object, java.lang.Object, java.lang.Object)'> (0x000000074f7790c8) 
thrown [s\open\src\hotspot\share\interpreter\linkResolver.cpp, line 773]
Event: 2.097 Thread 0x0000016dc06fdea0 Exception <a 'java/lang/ClassNotFoundException'{0x000000074f0b9348}: sun/security/util/spi/ResourcesProvider> (0x000000074f0b9348) 
thrown [s\open\src\hotspot\share\classfile\systemDictionary.cpp, line 312]
Event: 2.284 Thread 0x0000016dc06fdea0 Exception <a 'java/lang/NoSuchMethodError'{0x000000074e8127e8}: 'long java.lang.invoke.DirectMethodHandle$Holder.invokeStatic(java.lang.Object, java.lang.Object, java.lang.Object)'> (0x000000074e8127e8) 
thrown [s\open\src\hotspot\share\interpreter\linkResolver.cpp, line 773]
Event: 2.285 Thread 0x0000016dc06fdea0 Exception <a 'java/lang/NoSuchMethodError'{0x000000074e819418}: 'long java.lang.invoke.DirectMethodHandle$Holder.invokeInterface(java.lang.Object, java.lang.Object, java.lang.Object)'> (0x000000074e819418) 
thrown [s\open\src\hotspot\share\interpreter\linkResolver.cpp, line 773]
Event: 2.292 Thread 0x0000016dc06fdea0 Exception <a 'java/lang/NoSuchMethodError'{0x000000074e837aa0}: 'void java.lang.invoke.DirectMethodHandle$Holder.invokeStaticInit(java.lang.Object, java.lang.Object)'> (0x000000074e837aa0) 
thrown [s\open\src\hotspot\share\interpreter\linkResolver.cpp, line 773]
Event: 2.454 Thread 0x0000016dc06fdea0 Implicit null exception at 0x0000016dd1caa814 to 0x0000016dd1cab948
Event: 3.969 Thread 0x0000016dc06fdea0 Exception <a 'java/lang/IncompatibleClassChangeError'{0x000000075fe58d60}: Found class java.lang.Object, but interface was expected> (0x000000075fe58d60) 
thrown [s\open\src\hotspot\share\interpreter\linkResolver.cpp, line 840]

ZGC Phase Switch (0 events):
No events

VM Operations (20 events):
Event: 24.153 Executing VM operation: G1PauseCleanup done
Event: 24.462 Executing VM operation: G1CollectForAllocation (G1 Evacuation Pause)
Event: 24.543 Executing VM operation: G1CollectForAllocation (G1 Evacuation Pause) done
Event: 25.254 Executing VM operation: G1CollectForAllocation (G1 Evacuation Pause)
Event: 25.371 Executing VM operation: G1CollectForAllocation (G1 Evacuation Pause) done
Event: 25.404 Executing VM operation: G1TryInitiateConcMark (G1 Humongous Allocation)
Event: 25.440 Executing VM operation: G1TryInitiateConcMark (G1 Humongous Allocation) done
Event: 25.945 Executing VM operation: G1PauseRemark
Event: 25.948 Executing VM operation: G1PauseRemark done
Event: 26.170 Executing VM operation: G1PauseCleanup
Event: 26.213 Executing VM operation: G1PauseCleanup done
Event: 26.252 Executing VM operation: G1CollectForAllocation (G1 Evacuation Pause)
Event: 26.374 Executing VM operation: G1CollectForAllocation (G1 Evacuation Pause) done
Event: 27.374 Executing VM operation: Cleanup
Event: 27.374 Executing VM operation: Cleanup done
Event: 27.451 Executing VM operation: G1CollectForAllocation (G1 Evacuation Pause)
Event: 27.586 Executing VM operation: G1CollectForAllocation (G1 Evacuation Pause) done
Event: 27.955 Executing VM operation: G1TryInitiateConcMark (G1 Humongous Allocation)
Event: 28.060 Executing VM operation: G1TryInitiateConcMark (G1 Humongous Allocation) done
Event: 28.998 Executing VM operation: G1PauseRemark

Events (20 events):
Event: 10.038 Thread 0x0000016ddfe24740 flushing nmethod 0x0000016dca4a6410
Event: 10.318 Thread 0x0000016ddfe24740 flushing nmethod 0x0000016dca4f2090
Event: 10.318 Thread 0x0000016ddfe24740 flushing nmethod 0x0000016dca4b3790
Event: 10.427 Thread 0x0000016ddfe24740 flushing nmethod 0x0000016dca2a6690
Event: 10.427 Thread 0x0000016ddfe24740 flushing nmethod 0x0000016dca21ea10
Event: 10.427 Thread 0x0000016ddfe24740 flushing nmethod 0x0000016dca164790
Event: 18.980 Thread 0x0000016e27799090 Thread added: 0x0000016e27799090
Event: 19.104 Thread 0x0000016ddfe24740 flushing nmethod 0x0000016dca4f1390
Event: 19.104 Thread 0x0000016ddfe24740 flushing nmethod 0x0000016dca4b4110
Event: 19.104 Thread 0x0000016ddfe24740 flushing nmethod 0x0000016dca223090
Event: 19.104 Thread 0x0000016ddfe24740 flushing nmethod 0x0000016dca1ce990
Event: 19.104 Thread 0x0000016ddfe24740 flushing nmethod 0x0000016dca143b90
Event: 19.222 Thread 0x0000016ddfe24740 flushing nmethod 0x0000016dca4f1910
Event: 19.222 Thread 0x0000016ddfe24740 flushing nmethod 0x0000016dca41dc10
Event: 19.222 Thread 0x0000016ddfe24740 flushing nmethod 0x0000016dca375690
Event: 19.222 Thread 0x0000016ddfe24740 flushing nmethod 0x0000016dca256e90
Event: 19.222 Thread 0x0000016ddfe24740 flushing nmethod 0x0000016dca240e90
Event: 19.222 Thread 0x0000016ddfe24740 flushing nmethod 0x0000016dca1dc710
Event: 19.222 Thread 0x0000016ddfe24740 flushing nmethod 0x0000016dca16fe10
Event: 21.189 Thread 0x0000016e27799090 Thread exited: 0x0000016e27799090


Dynamic libraries:
0x00007ff726b90000 - 0x00007ff726ba0000 	C:\Program Files\Java\jdk-21\bin\java.exe
0x00007ffd06720000 - 0x00007ffd06987000 	C:\WINDOWS\SYSTEM32\ntdll.dll
0x00007ffd05920000 - 0x00007ffd059e9000 	C:\WINDOWS\System32\KERNEL32.DLL
0x00007ffd03c30000 - 0x00007ffd04027000 	C:\WINDOWS\System32\KERNELBASE.dll
0x00007ffd04350000 - 0x00007ffd0449b000 	C:\WINDOWS\System32\ucrtbase.dll
0x00007ffcb62b0000 - 0x00007ffcb62cb000 	C:\Program Files\Java\jdk-21\bin\VCRUNTIME140.dll
0x00007ffc98140000 - 0x00007ffc98159000 	C:\Program Files\Java\jdk-21\bin\jli.dll
0x00007ffd04a80000 - 0x00007ffd04b36000 	C:\WINDOWS\System32\ADVAPI32.dll
0x00007ffd05fb0000 - 0x00007ffd06059000 	C:\WINDOWS\System32\msvcrt.dll
0x00007ffd06630000 - 0x00007ffd066d7000 	C:\WINDOWS\System32\sechost.dll
0x00007ffd04640000 - 0x00007ffd04758000 	C:\WINDOWS\System32\RPCRT4.dll
0x00007ffd06060000 - 0x00007ffd06226000 	C:\WINDOWS\System32\USER32.dll
0x00007ffd040e0000 - 0x00007ffd04107000 	C:\WINDOWS\System32\win32u.dll
0x00007ffceb2d0000 - 0x00007ffceb562000 	C:\WINDOWS\WinSxS\amd64_microsoft.windows.common-controls_6595b64144ccf1df_6.0.26100.8328_none_3e08182ce334b678\COMCTL32.dll
0x00007ffd058b0000 - 0x00007ffd058db000 	C:\WINDOWS\System32\GDI32.dll
0x00007ffd03150000 - 0x00007ffd0327c000 	C:\WINDOWS\System32\gdi32full.dll
0x00007ffd03280000 - 0x00007ffd03323000 	C:\WINDOWS\System32\msvcp_win.dll
0x00007ffcee610000 - 0x00007ffcee61b000 	C:\WINDOWS\SYSTEM32\VERSION.dll
0x00007ffd058e0000 - 0x00007ffd05912000 	C:\WINDOWS\System32\IMM32.DLL
0x00007ffcf92b0000 - 0x00007ffcf92bc000 	C:\Program Files\Java\jdk-21\bin\vcruntime140_1.dll
0x00007ffc880a0000 - 0x00007ffc8812e000 	C:\Program Files\Java\jdk-21\bin\msvcp140.dll
0x00007ffc33e00000 - 0x00007ffc34b13000 	C:\Program Files\Java\jdk-21\bin\server\jvm.dll
0x00007ffd045b0000 - 0x00007ffd04630000 	C:\WINDOWS\System32\WS2_32.dll
0x00007ffd02fb0000 - 0x00007ffd0300e000 	C:\WINDOWS\SYSTEM32\POWRPROF.dll
0x00007ffcf6ef0000 - 0x00007ffcf6f26000 	C:\WINDOWS\SYSTEM32\WINMM.dll
0x00007ffd02f90000 - 0x00007ffd02fa4000 	C:\WINDOWS\SYSTEM32\UMPDC.dll
0x00007ffd01ea0000 - 0x00007ffd01ebb000 	C:\WINDOWS\SYSTEM32\kernel.appcore.dll
0x00007ffcf90c0000 - 0x00007ffcf90ca000 	C:\Program Files\Java\jdk-21\bin\jimage.dll
0x00007ffd00d70000 - 0x00007ffd00fb2000 	C:\WINDOWS\SYSTEM32\DBGHELP.DLL
0x00007ffd062a0000 - 0x00007ffd06623000 	C:\WINDOWS\System32\combase.dll
0x00007ffd05710000 - 0x00007ffd057e9000 	C:\WINDOWS\System32\OLEAUT32.dll
0x00007ffcf8390000 - 0x00007ffcf83cb000 	C:\WINDOWS\SYSTEM32\dbgcore.DLL
0x00007ffd04030000 - 0x00007ffd040d8000 	C:\WINDOWS\System32\bcryptPrimitives.dll
0x00007ffce0f60000 - 0x00007ffce0f6f000 	C:\Program Files\Java\jdk-21\bin\instrument.dll
0x00007ffc98120000 - 0x00007ffc9813f000 	C:\Program Files\Java\jdk-21\bin\java.dll
0x00007ffc915a0000 - 0x00007ffc915b8000 	C:\Program Files\Java\jdk-21\bin\zip.dll
0x00007ffd04b40000 - 0x00007ffd052ae000 	C:\WINDOWS\System32\SHELL32.dll
0x00007ffd03330000 - 0x00007ffd03b9c000 	C:\WINDOWS\System32\windows.storage.dll
0x00007ffd044b0000 - 0x00007ffd045a6000 	C:\WINDOWS\System32\SHCORE.dll
0x00007ffd06230000 - 0x00007ffd06296000 	C:\WINDOWS\System32\shlwapi.dll
0x00007ffd03070000 - 0x00007ffd03099000 	C:\WINDOWS\SYSTEM32\profapi.dll
0x00007ffc7c450000 - 0x00007ffc7c527000 	C:\Program Files\Java\jdk-21\bin\jsvml.dll
0x00007ffcbf5e0000 - 0x00007ffcbf5f0000 	C:\Program Files\Java\jdk-21\bin\net.dll
0x00007ffcfc8b0000 - 0x00007ffcfc9d9000 	C:\WINDOWS\SYSTEM32\WINHTTP.dll
0x00007ffd023f0000 - 0x00007ffd0245c000 	C:\WINDOWS\system32\mswsock.dll
0x00007ffc94930000 - 0x00007ffc94946000 	C:\Program Files\Java\jdk-21\bin\nio.dll
0x00007ffcb8800000 - 0x00007ffcb8807000 	C:\Program Files\Java\jdk-21\bin\extnet.dll
0x00007ffcb6830000 - 0x00007ffcb6840000 	C:\Program Files\Java\jdk-21\bin\verify.dll
0x00007ffce2820000 - 0x00007ffce282a000 	C:\Program Files\Java\jdk-21\bin\management.dll
0x00007ffce10c0000 - 0x00007ffce10cb000 	C:\Program Files\Java\jdk-21\bin\management_ext.dll
0x00007ffd059f0000 - 0x00007ffd059f8000 	C:\WINDOWS\System32\PSAPI.DLL
0x00007ffce0f70000 - 0x00007ffce0f79000 	C:\Program Files\Java\jdk-21\bin\jaas.dll

dbghelp: loaded successfully - version: 4.0.5 - missing functions: none
symbol engine: initialized successfully - sym options: 0x614 - pdb path: .;C:\Program Files\Java\jdk-21\bin;C:\WINDOWS\SYSTEM32;C:\WINDOWS\WinSxS\amd64_microsoft.windows.common-controls_6595b64144ccf1df_6.0.26100.8328_none_3e08182ce334b678;C:\Program Files\Java\jdk-21\bin\server

VM Arguments:
jvm_args: -javaagent:C:\Users\DELL\AppData\Local\JetBrains\IntelliJIdea2025.3\captureAgent\debugger-agent.jar=file:///C:/Users/DELL/AppData/Local/Temp/capture3003570054310035580.props -ea -Xms256m -Xmx3g -Didea.test.cyclic.buffer.size=1048576 -javaagent:C:\Program Files\JetBrains\IntelliJ IDEA 2025.3.2\lib\idea_rt.jar=50316 -Dkotlinx.coroutines.debug.enable.creation.stack.trace=false -Ddebugger.agent.enable.coroutines=true -Dkotlinx.coroutines.debug.enable.flows.stack.trace=true -Dkotlinx.coroutines.debug.enable.mutable.state.flows.stack.trace=true -Ddebugger.async.stack.trace.for.all.threads=true -Dfile.encoding=UTF-8 -Dsun.stdout.encoding=UTF-8 -Dsun.stderr.encoding=UTF-8 
java_command: com.intellij.rt.junit.JUnitStarter -ideVersion5 -junit5 com.fastbase.RealDataBenchmarkTest
java_class_path (initial): C:\Program Files\JetBrains\IntelliJ IDEA 2025.3.2\lib\idea_rt.jar;C:\Program Files\JetBrains\IntelliJ IDEA 2025.3.2\plugins\junit\lib\junit6-rt.jar;C:\Program Files\JetBrains\IntelliJ IDEA 2025.3.2\plugins\junit\lib\junit5-rt.jar;C:\Program Files\JetBrains\IntelliJ IDEA 2025.3.2\plugins\junit\lib\junit-rt.jar;C:\universityProjects\FastBase\target\test-classes;C:\universityProjects\FastBase\target\classes;C:\Users\DELL\.m2\repository\org\springframework\boot\spring-boot-starter-web\3.3.5\spring-boot-starter-web-3.3.5.jar;C:\Users\DELL\.m2\repository\org\springframework\boot\spring-boot-starter\3.3.5\spring-boot-starter-3.3.5.jar;C:\Users\DELL\.m2\repository\org\springframework\boot\spring-boot\3.3.5\spring-boot-3.3.5.jar;C:\Users\DELL\.m2\repository\org\springframework\boot\spring-boot-autoconfigure\3.3.5\spring-boot-autoconfigure-3.3.5.jar;C:\Users\DELL\.m2\repository\org\springframework\boot\spring-boot-starter-logging\3.3.5\spring-boot-starter-logging-3.3.5.jar;C:\Users\DELL\.m2\repository\ch\qos\logback\logback-classic\1.5.12\logback-classic-1.5.12.jar;C:\Users\DELL\.m2\repository\ch\qos\logback\logback-core\1.5.12\logback-core-1.5.12.jar;C:\Users\DELL\.m2\repository\org\apache\logging\log4j\log4j-to-slf4j\2.23.1\log4j-to-slf4j-2.23.1.jar;C:\Users\DELL\.m2\repository\org\apache\logging\log4j\log4j-api\2.23.1\log4j-api-2.23.1.jar;C:\Users\DELL\.m2\repository\org\slf4j\jul-to-slf4j\2.0.16\jul-to-slf4j-2.0.16.jar;C:\Users\DELL\.m2\repository\jakarta\annotation\jakarta.annotation-api\2.1.1\jakarta.annotation-api-2.1.1.jar;C:\Users\DELL\.m2\repository\org\yaml\snakeyaml\2.2\snakeyaml-2.2.jar;C:\Users\DELL\.m2\repository\org\springframework\boot\spring-boot-starter-json\3.3.5\spring-boot-starter-json-3.3.5.jar;C:\Users\DELL\.m2\repository\com\fasterxml\jackson\datatype\jackson-datatype-jdk8\2.17.2\jackson-datatype-jdk8-2.17.2.jar;C:\Users\DELL\.m2\repository\com\fasterxml\jackson\datatype\jackson-datatype-jsr310\2.17.2\jackson-datatype-jsr310-2.17.2.jar;C:\Users\DELL\.m2\repository\com\fasterxml\jackson\module\jackson-module-parameter-names\2.17.2\jackson-module-parameter-names-2.17.2.jar;C:\Users\DELL\.m2\repository\org\springframework\boot\spring-boot-starter-tomcat\3.3.5\spring-boot-starter-tomcat-3.3.5.jar;C:\Users\DELL\.m2\repository\org\apache\tomcat\embed\tomcat-embed-core\10.1.31\tomcat-embed-core-10.1.31.jar;C:\Users\DELL\.m2\repository\org\apache\tomcat\embed\tomcat-embed-websocket\10.1.31\tomcat-embed-websocket-10.1.31.jar;C:\Users\DELL\.m2\repository\org\springframework\spring-web\6.1.14\spring-web-6.1.14.jar;C:\Users\DELL\.m2\repository\org\springframework\spring-beans\6.1.14\spring-beans-6.1.14.jar;C:\Users\DELL\.m2\repository\io\micrometer\micrometer-observation\1.13.6\micrometer-observation-1.13.6.jar;C:\Users\DELL\.m2\repository\io\micrometer\micrometer-commons\1.13.6\micrometer-commons-1.13.6.jar;C:\Users\DELL\.m2\repository\org\springframework\spring-webmvc\6.1.14\spring-webmvc-6.1.14.jar;C:\Users\DELL\.m2\repository\org\springframework\spring-aop\6.1.14\spring-aop-6.1.14.jar;C:\Users\DELL\.m2\repository\org\springframework\spring-context\6.1.14\spring-context-6.1.14.jar;C:\Users\DELL\.m2\repository\org\springframework\spring-expression\6.1.14\spring-expression-6.1.14.jar;C:\Users\DELL\.m2\repository\org\springframework\boot\spring-boot-starter-validation\3.3.5\spring-boot-starter-validation-3.3.5.jar;C:\Users\DELL\.m2\repository\org\apache\tomcat\embed\tomcat-embed-el\10.1.31\tomcat-embed-el-10.1.31.jar;C:\Users\DELL\.m2\repository\org\hibernate\validator\hibernate-validator\8.0.1.Final\hibernate-validator-8.0.1.Final.jar;C:\Users\DELL\.m2\repository\jakarta\validation\jakarta.validation-api\3.0.2\jakarta.validation-api-3.0.2.jar;C:\Users\DELL\.m2\repository\org\jboss\logging\jboss-logging\3.5.3.Final\jboss-logging-3.5.3.Final.jar;C:\Users\DELL\.m2\repository\com\fasterxml\classmate\1.7.0\classmate-1.7.0.jar;C:\Users\DELL\.m2\repository\org\apache\commons\commons-lang3\3.14.0\commons-lang3-3.14.0.jar;C:\Users\DELL\.m2\repository\org\apache\parquet\parquet-hadoop\1.13.1\parquet-hadoop-1.13.1.jar;C:\Users\DELL\.m2\repository\org\apache\parquet\parquet-column\1.13.1\parquet-column-1.13.1.jar;C:\Users\DELL\.m2\repository\org\apache\parquet\parquet-encoding\1.13.1\parquet-encoding-1.13.1.jar;C:\Users\DELL\.m2\repository\org\apache\parquet\parquet-format-structures\1.13.1\parquet-format-structures-1.13.1.jar;C:\Users\DELL\.m2\repository\org\apache\parquet\parquet-common\1.13.1\parquet-common-1.13.1.jar;C:\Users\DELL\.m2\repository\org\apache\parquet\parquet-jackson\1.13.1\parquet-jackson-1.13.1.jar;C:\Users\DELL\.m2\repository\org\xerial\snappy\snappy-java\1.1.8.3\snappy-java-1.1.8.3.jar;C:\Users\DELL\.m2\repository\io\airlift\aircompressor\0.21\aircompressor-0.21.jar;C:\Users\DELL\.m2\repository\commons-pool\commons-pool\1.6\commons-pool-1.6.jar;C:\Users\DELL\.m2\repository\com\github\luben\zstd-jni\1.5.0-1\zstd-jni-1.5.0-1.jar;C:\Users\DELL\.m2\repository\org\slf4j\slf4j-api\2.0.16\slf4j-api-2.0.16.jar;C:\Users\DELL\.m2\repository\org\apache\yetus\audience-annotations\0.13.0\audience-annotations-0.13.0.jar;C:\Users\DELL\.m2\repository\org\apache\hadoop\hadoop-common\3.3.6\hadoop-common-3.3.6.jar;C:\Users\DELL\.m2\repository\org\apache\hadoop\thirdparty\hadoop-shaded-protobuf_3_7\1.1.1\hadoop-shaded-protobuf_3_7-1.1.1.jar;C:\Users\DELL\.m2\repository\org\apache\hadoop\hadoop-annotations\3.3.6\hadoop-annotations-3.3.6.jar;C:\Users\DELL\.m2\repository\org\apache\hadoop\thirdparty\hadoop-shaded-guava\1.1.1\hadoop-shaded-guava-1.1.1.jar;C:\Users\DELL\.m2\repository\com\google\guava\guava\27.0-jre\guava-27.0-jre.jar;C:\Users\DELL\.m2\repository\com\google\guava\failureaccess\1.0\failureaccess-1.0.jar;C:\Users\DELL\.m2\repository\com\google\guava\listenablefuture\9999.0-empty-to-avoid-conflict-with-guava\listenablefuture-9999.0-empty-to-avoid-conflict-with-guava.jar;C:\Users\DELL\.m2\repository\org\checkerframework\checker-qual\2.5.2\checker-qual-2.5.2.jar;C:\Users\DELL\.m2\repository\com\google\j2objc\j2objc-annotations\1.1\j2objc-annotations-1.1.jar;C:\Users\DELL\.m2\repository\org\codehaus\mojo\animal-sniffer-annotations\1.17\animal-sniffer-annotations-1.17.jar;C:\Users\DELL\.m2\repository\commons-cli\commons-cli\1.2\commons-cli-1.2.jar;C:\Users\DELL\.m2\repository\org\apache\commons\commons-math3\3.1.1\commons-math3-3.1.1.jar;C:\Users\DELL\.m2\repository\org\apache\httpcomponents\httpclient\4.5.13\httpclient-4.5.13.jar;C:\Users\DELL\.m2\repository\org\apache\httpcomponents\httpcore\4.4.16\httpcore-4.4.16.jar;C:\Users\DELL\.m2\repository\commons-codec\commons-codec\1.16.1\commons-codec-1.16.1.jar;C:\Users\DELL\.m2\repository\commons-io\commons-io\2.8.0\commons-io-2.8.0.jar;C:\Users\DELL\.m2\repository\commons-net\commons-net\3.9.0\commons-net-3.9.0.jar;C:\Users\DELL\.m2\repository\commons-collections\commons-collections\3.2.2\commons-collections-3.2.2.jar;C:\Users\DELL\.m2\repository\javax\servlet\javax.servlet-api\3.1.0\javax.servlet-api-3.1.0.jar;C:\Users\DELL\.m2\repository\jakarta\activation\jakarta.activation-api\2.1.3\jakarta.activation-api-2.1.3.jar;C:\Users\DELL\.m2\repository\org\eclipse\jetty\jetty-server\12.0.14\jetty-server-12.0.14.jar;C:\Users\DELL\.m2\repository\org\eclipse\jetty\jetty-http\12.0.14\jetty-http-12.0.14.jar;C:\Users\DELL\.m2\repository\org\eclipse\jetty\jetty-io\12.0.14\jetty-io-12.0.14.jar;C:\Users\DELL\.m2\repository\org\eclipse\jetty\jetty-util\12.0.14\jetty-util-12.0.14.jar;C:\Users\DELL\.m2\repository\org\eclipse\jetty\jetty-servlet\9.4.51.v20230217\jetty-servlet-9.4.51.v20230217.jar;C:\Users\DELL\.m2\repository\org\eclipse\jetty\jetty-security\12.0.14\jetty-security-12.0.14.jar;C:\Users\DELL\.m2\repository\org\eclipse\jetty\jetty-util-ajax\12.0.14\jetty-util-ajax-12.0.14.jar;C:\Users\DELL\.m2\repository\org\eclipse\jetty\jetty-webapp\9.4.51.v20230217\jetty-webapp-9.4.51.v20230217.jar;C:\Users\DELL\.m2\repository\org\eclipse\jetty\jetty-xml\12.0.14\jetty-xml-12.0.14.jar;C:\Users\DELL\.m2\repository\javax\servlet\jsp\jsp-api\2.1\jsp-api-2.1.jar;C:\Users\DELL\.m2\repository\com\sun\jersey\jersey-core\1.19.4\jersey-core-1.19.4.jar;C:\Users\DELL\.m2\repository\javax\ws\rs\jsr311-api\1.1.1\jsr311-api-1.1.1.jar;C:\Users\DELL\.m2\repository\com\sun\jersey\jersey-servlet\1.19.4\jersey-servlet-1.19.4.jar;C:\Users\DELL\.m2\repository\com\github\pjfanning\jersey-json\1.20\jersey-json-1.20.jar;C:\Users\DELL\.m2\repository\org\codehaus\jettison\jettison\1.1\jettison-1.1.jar;C:\Users\DELL\.m2\repository\com\sun\xml\bind\jaxb-impl\4.0.5\jaxb-impl-4.0.5.jar;C:\Users\DELL\.m2\repository\com\sun\xml\bind\jaxb-core\4.0.5\jaxb-core-4.0.5.jar;C:\Users\DELL\.m2\repository\org\eclipse\angus\angus-activation\2.0.2\angus-activation-2.0.2.jar;C:\Users\DELL\.m2\repository\com\sun\jersey\jersey-server\1.19.4\jersey-server-1.19.4.jar;C:\Users\DELL\.m2\repository\commons-logging\commons-logging\1.1.3\commons-logging-1.1.3.jar;C:\Users\DELL\.m2\repository\ch\qos\reload4j\reload4j\1.2.22\reload4j-1.2.22.jar;C:\Users\DELL\.m2\repository\commons-beanutils\commons-beanutils\1.9.4\commons-beanutils-1.9.4.jar;C:\Users\DELL\.m2\repository\org\apache\commons\commons-configuration2\2.8.0\commons-configuration2-2.8.0.jar;C:\Users\DELL\.m2\repository\org\apache\commons\commons-text\1.10.0\commons-text-1.10.0.jar;C:\Users\DELL\.m2\repository\org\apache\avro\avro\1.7.7\avro-1.7.7.jar;C:\Users\DELL\.m2\repository\org\codehaus\jackson\jackson-core-asl\1.9.13\jackson-core-asl-1.9.13.jar;C:\Users\DELL\.m2\repository\org\codehaus\jackson\jackson-mapper-asl\1.9.13\jackson-mapper-asl-1.9.13.jar;C:\Users\DELL\.m2\repository\com\thoughtworks\paranamer\paranamer\2.3\paranamer-2.3.jar;C:\Users\DELL\.m2\repository\com\google\re2j\re2j\1.1\re2j-1.1.jar;C:\Users\DELL\.m2\repository\com\google\protobuf\protobuf-java\2.5.0\protobuf-java-2.5.0.jar;C:\Users\DELL\.m2\repository\com\google\code\gson\gson\2.10.1\gson-2.10.1.jar;C:\Users\DELL\.m2\repository\org\apache\hadoop\hadoop-auth\3.3.6\hadoop-auth-3.3.6.jar;C:\Users\DELL\.m2\repository\com\nimbusds\nimbus-jose-jwt\9.8.1\nimbus-jose-jwt-9.8.1.jar;C:\Users\DELL\.m2\repository\com\github\stephenc\jcip\jcip-annotations\1.0-1\jcip-annotations-1.0-1.jar;C:\Users\DELL\.m2\repository\org\apache\curator\curator-framework\5.2.0\curator-framework-5.2.0.jar;C:\Users\DELL\.m2\repository\org\apache\kerby\kerb-simplekdc\1.0.1\kerb-simplekdc-1.0.1.jar;C:\Users\DELL\.m2\repository\org\apache\kerby\kerb-client\1.0.1\kerb-client-1.0.1.jar;C:\Users\DELL\.m2\repository\org\apache\kerby\kerby-config\1.0.1\kerby-config-1.0.1.jar;C:\Users\DELL\.m2\repository\org\apache\kerby\kerb-common\1.0.1\kerb-common-1.0.1.jar;C:\Users\DELL\.m2\repository\org\apache\kerby\kerb-crypto\1.0.1\kerb-crypto-1.0.1.jar;C:\Users\DELL\.m2\repository\org\apache\kerby\kerb-util\1.0.1\kerb-util-1.0.1.jar;C:\Users\DELL\.m2\repository\org\apache\kerby\token-provider\1.0.1\token-provider-1.0.1.jar;C:\Users\DELL\.m2\repository\org\apache\kerby\kerb-admin\1.0.1\kerb-admin-1.0.1.jar;C:\Users\DELL\.m2\repository\org\apache\kerby\kerb-server\1.0.1\kerb-server-1.0.1.jar;C:\Users\DELL\.m2\repository\org\apache\kerby\kerb-identity\1.0.1\kerb-identity-1.0.1.jar;C:\Users\DELL\.m2\repository\org\apache\kerby\kerby-xdr\1.0.1\kerby-xdr-1.0.1.jar;C:\Users\DELL\.m2\repository\com\jcraft\jsch\0.1.55\jsch-0.1.55.jar;C:\Users\DELL\.m2\repository\org\apache\curator\curator-client\5.2.0\curator-client-5.2.0.jar;C:\Users\DELL\.m2\repository\org\apache\curator\curator-recipes\5.2.0\curator-recipes-5.2.0.jar;C:\Users\DELL\.m2\repository\com\google\code\findbugs\jsr305\3.0.2\jsr305-3.0.2.jar;C:\Users\DELL\.m2\repository\org\apache\zookeeper\zookeeper\3.6.3\zookeeper-3.6.3.jar;C:\Users\DELL\.m2\repository\org\apache\zookeeper\zookeeper-jute\3.6.3\zookeeper-jute-3.6.3.jar;C:\Users\DELL\.m2\repository\io\netty\netty-handler\4.1.114.Final\netty-handler-4.1.114.Final.jar;C:\Users\DELL\.m2\repository\io\netty\netty-common\4.1.114.Final\netty-common-4.1.114.Final.jar;C:\Users\DELL\.m2\repository\io\netty\netty-resolver\4.1.114.Final\netty-resolver-4.1.114.Final.jar;C:\Users\DELL\.m2\repository\io\netty\netty-buffer\4.1.114.Final\netty-buffer-4.1.114.Final.jar;C:\Users\DELL\.m2\repository\io\netty\netty-transport\4.1.114.Final\netty-transport-4.1.114.Final.jar;C:\Users\DELL\.m2\repository\io\netty\netty-transport-native-unix-common\4.1.114.Final\netty-transport-native-unix-common-4.1.114.Final.jar;C:\Users\DELL\.m2\repository\io\netty\netty-codec\4.1.114.Final\netty-codec-4.1.114.Final.jar;C:\Users\DELL\.m2\repository\io\netty\netty-transport-native-epoll\4.1.114.Final\netty-transport-native-epoll-4.1.114.Final.jar;C:\Users\DELL\.m2\repository\io\netty\netty-transport-classes-epoll\4.1.114.Final\netty-transport-classes-epoll-4.1.114.Final.jar;C:\Users\DELL\.m2\repository\log4j\log4j\1.2.17\log4j-1.2.17.jar;C:\Users\DELL\.m2\repository\io\dropwizard\metrics\metrics-core\3.2.4\metrics-core-3.2.4.jar;C:\Users\DELL\.m2\repository\org\apache\commons\commons-compress\1.21\commons-compress-1.21.jar;C:\Users\DELL\.m2\repository\org\apache\kerby\kerb-core\1.0.1\kerb-core-1.0.1.jar;C:\Users\DELL\.m2\repository\org\apache\kerby\kerby-pkix\1.0.1\kerby-pkix-1.0.1.jar;C:\Users\DELL\.m2\repository\org\apache\kerby\kerby-asn1\1.0.1\kerby-asn1-1.0.1.jar;C:\Users\DELL\.m2\repository\org\apache\kerby\kerby-util\1.0.1\kerby-util-1.0.1.jar;C:\Users\DELL\.m2\repository\com\fasterxml\jackson\core\jackson-databind\2.17.2\jackson-databind-2.17.2.jar;C:\Users\DELL\.m2\repository\com\fasterxml\jackson\core\jackson-annotations\2.17.2\jackson-annotations-2.17.2.jar;C:\Users\DELL\.m2\repository\com\fasterxml\jackson\core\jackson-core\2.17.2\jackson-core-2.17.2.jar;C:\Users\DELL\.m2\repository\org\codehaus\woodstox\stax2-api\4.2.1\stax2-api-4.2.1.jar;C:\Users\DELL\.m2\repository\com\fasterxml\woodstox\woodstox-core\5.4.0\woodstox-core-5.4.0.jar;C:\Users\DELL\.m2\repository\dnsjava\dnsjava\2.1.7\dnsjava-2.1.7.jar;C:\Users\DELL\.m2\repository\org\apache\hadoop\hadoop-mapreduce-client-core\3.3.6\hadoop-mapreduce-client-core-3.3.6.jar;C:\Users\DELL\.m2\repository\org\apache\hadoop\hadoop-yarn-client\3.3.6\hadoop-yarn-client-3.3.6.jar;C:\Users\DELL\.m2\repository\org\eclipse\jetty\websocket\websocket-client\9.4.51.v20230217\websocket-client-9.4.51.v20230217.jar;C:\Users\DELL\.m2\repository\org\eclipse\jetty\jetty-client\12.0.14\jetty-client-12.0.14.jar;C:\Users\DELL\.m2\repository\org\eclipse\jetty\jetty-alpn-client\12.0.14\jetty-alpn-client-12.0.14.jar;C:\Users\DELL\.m2\repository\org\eclipse\jetty\websocket\websocket-common\9.4.51.v20230217\websocket-common-9.4.51.v20230217.jar;C:\Users\DELL\.m2\repository\org\eclipse\jetty\websocket\websocket-api\9.4.51.v20230217\websocket-api-9.4.51.v20230217.jar;C:\Users\DELL\.m2\repository\org\apache\hadoop\hadoop-yarn-api\3.3.6\hadoop-yarn-api-3.3.6.jar;C:\Users\DELL\.m2\repository\org\jline\jline\3.9.0\jline-3.9.0.jar;C:\Users\DELL\.m2\repository\org\apache\hadoop\hadoop-yarn-common\3.3.6\hadoop-yarn-common-3.3.6.jar;C:\Users\DELL\.m2\repository\javax\xml\bind\jaxb-api\2.2.11\jaxb-api-2.2.11.jar;C:\Users\DELL\.m2\repository\com\sun\jersey\jersey-client\1.19.4\jersey-client-1.19.4.jar;C:\Users\DELL\.m2\repository\com\google\inject\guice\4.0\guice-4.0.jar;C:\Users\DELL\.m2\repository\javax\inject\javax.inject\1\javax.inject-1.jar;C:\Users\DELL\.m2\repository\aopalliance\aopalliance\1.0\aopalliance-1.0.jar;C:\Users\DELL\.m2\repository\com\sun\jersey\contribs\jersey-guice\1.19.4\jersey-guice-1.19.4.jar;C:\Users\DELL\.m2\repository\com\fasterxml\jackson\module\jackson-module-jaxb-annotations\2.17.2\jackson-module-jaxb-annotations-2.17.2.jar;C:\Users\DELL\.m2\repository\com\fasterxml\jackson\jaxrs\jackson-jaxrs-json-provider\2.17.2\jackson-jaxrs-json-provider-2.17.2.jar;C:\Users\DELL\.m2\repository\com\fasterxml\jackson\jaxrs\jackson-jaxrs-base\2.17.2\jackson-jaxrs-base-2.17.2.jar;C:\Users\DELL\.m2\repository\org\apache\hadoop\hadoop-hdfs-client\3.3.6\hadoop-hdfs-client-3.3.6.jar;C:\Users\DELL\.m2\repository\com\squareup\okhttp3\okhttp\4.12.0\okhttp-4.12.0.jar;C:\Users\DELL\.m2\repository\com\squareup\okio\okio\3.6.0\okio-3.6.0.jar;C:\Users\DELL\.m2\repository\com\squareup\okio\okio-jvm\3.6.0\okio-jvm-3.6.0.jar;C:\Users\DELL\.m2\repository\org\jetbrains\kotlin\kotlin-stdlib-jdk8\1.9.25\kotlin-stdlib-jdk8-1.9.25.jar;C:\Users\DELL\.m2\repository\org\jetbrains\kotlin\kotlin-stdlib-jdk7\1.9.25\kotlin-stdlib-jdk7-1.9.25.jar;C:\Users\DELL\.m2\repository\org\jetbrains\kotlin\kotlin-stdlib\1.9.25\kotlin-stdlib-1.9.25.jar;C:\Users\DELL\.m2\repository\org\jetbrains\kotlin\kotlin-stdlib-common\1.9.25\kotlin-stdlib-common-1.9.25.jar;C:\Users\DELL\.m2\repository\com\google\inject\extensions\guice-servlet\4.0\guice-servlet-4.0.jar;C:\Users\DELL\.m2\repository\io\netty\netty\3.10.6.Final\netty-3.10.6.Final.jar;C:\Users\DELL\.m2\repository\org\springframework\boot\spring-boot-starter-test\3.3.5\spring-boot-starter-test-3.3.5.jar;C:\Users\DELL\.m2\repository\org\springframework\boot\spring-boot-test\3.3.5\spring-boot-test-3.3.5.jar;C:\Users\DELL\.m2\repository\org\springframework\boot\spring-boot-test-autoconfigure\3.3.5\spring-boot-test-autoconfigure-3.3.5.jar;C:\Users\DELL\.m2\repository\com\jayway\jsonpath\json-path\2.9.0\json-path-2.9.0.jar;C:\Users\DELL\.m2\repository\jakarta\xml\bind\jakarta.xml.bind-api\4.0.2\jakarta.xml.bind-api-4.0.2.jar;C:\Users\DELL\.m2\repository\net\minidev\json-smart\2.5.1\json-smart-2.5.1.jar;C:\Users\DELL\.m2\repository\net\minidev\accessors-smart\2.5.1\accessors-smart-2.5.1.jar;C:\Users\DELL\.m2\repository\org\ow2\asm\asm\9.6\asm-9.6.jar;C:\Users\DELL\.m2\repository\org\assertj\assertj-core\3.25.3\assertj-core-3.25.3.jar;C:\Users\DELL\.m2\repository\net\bytebuddy\byte-buddy\1.14.19\byte-buddy-1.14.19.jar;C:\Users\DELL\.m2\repository\org\awaitility\awaitility\4.2.2\awaitility-4.2.2.jar;C:\Users\DELL\.m2\repository\org\hamcrest\hamcrest\2.2\hamcrest-2.2.jar;C:\Users\DELL\.m2\repository\org\junit\jupiter\junit-jupiter\5.10.5\junit-jupiter-5.10.5.jar;C:\Users\DELL\.m2\repository\org\junit\jupiter\junit-jupiter-api\5.10.5\junit-jupiter-api-5.10.5.jar;C:\Users\DELL\.m2\repository\org\junit\jupiter\junit-jupiter-params\5.10.5\junit-jupiter-params-5.10.5.jar;C:\Users\DELL\.m2\repository\org\junit\jupiter\junit-jupiter-engine\5.10.5\junit-jupiter-engine-5.10.5.jar;C:\Users\DELL\.m2\repository\org\mockito\mockito-core\5.11.0\mockito-core-5.11.0.jar;C:\Users\DELL\.m2\repository\net\bytebuddy\byte-buddy-agent\1.14.19\byte-buddy-agent-1.14.19.jar;C:\Users\DELL\.m2\repository\org\objenesis\objenesis\3.3\objenesis-3.3.jar;C:\Users\DELL\.m2\repository\org\mockito\mockito-junit-jupiter\5.11.0\mockito-junit-jupiter-5.11.0.jar;C:\Users\DELL\.m2\repository\org\skyscreamer\jsonassert\1.5.3\jsonassert-1.5.3.jar;C:\Users\DELL\.m2\repository\com\vaadin\external\google\android-json\0.0.20131108.vaadin1\android-json-0.0.20131108.vaadin1.jar;C:\Users\DELL\.m2\repository\org\springframework\spring-core\6.1.14\spring-core-6.1.14.jar;C:\Users\DELL\.m2\repository\org\springframework\spring-jcl\6.1.14\spring-jcl-6.1.14.jar;C:\Users\DELL\.m2\repository\org\springframework\spring-test\6.1.14\spring-test-6.1.14.jar;C:\Users\DELL\.m2\repository\org\xmlunit\xmlunit-core\2.9.1\xmlunit-core-2.9.1.jar;C:\Users\DELL\.m2\repository\org\junit\platform\junit-platform-launcher\1.10.5\junit-platform-launcher-1.10.5.jar;C:\Users\DELL\.m2\repository\org\junit\platform\junit-platform-engine\1.10.5\junit-platform-engine-1.10.5.jar;C:\Users\DELL\.m2\repository\org\opentest4j\opentest4j\1.3.0\opentest4j-1.3.0.jar;C:\Users\DELL\.m2\repository\org\junit\platform\junit-platform-commons\1.10.5\junit-platform-commons-1.10.5.jar;C:\Users\DELL\.m2\repository\org\apiguardian\apiguardian-api\1.1.2\apiguardian-api-1.1.2.jar
Launcher Type: SUN_STANDARD

[Global flags]
     intx CICompilerCount                          = 4                                         {product} {ergonomic}
     uint ConcGCThreads                            = 2                                         {product} {ergonomic}
     uint G1ConcRefinementThreads                  = 8                                         {product} {ergonomic}
   size_t G1HeapRegionSize                         = 2097152                                   {product} {ergonomic}
    uintx GCDrainStackTargetSize                   = 64                                        {product} {ergonomic}
   size_t InitialHeapSize                          = 268435456                                 {product} {command line}
   size_t MarkStackSize                            = 4194304                                   {product} {ergonomic}
   size_t MaxHeapSize                              = 3221225472                                {product} {command line}
   size_t MaxNewSize                               = 1931476992                                {product} {ergonomic}
   size_t MinHeapDeltaBytes                        = 2097152                                   {product} {ergonomic}
   size_t MinHeapSize                              = 268435456                                 {product} {command line}
    uintx NonNMethodCodeHeapSize                   = 5839372                                {pd product} {ergonomic}
    uintx NonProfiledCodeHeapSize                  = 122909434                              {pd product} {ergonomic}
    uintx ProfiledCodeHeapSize                     = 122909434                              {pd product} {ergonomic}
    uintx ReservedCodeCacheSize                    = 251658240                              {pd product} {ergonomic}
     bool SegmentedCodeCache                       = true                                      {product} {ergonomic}
   size_t SoftMaxHeapSize                          = 3221225472                             {manageable} {ergonomic}
     bool UseCompressedOops                        = true                           {product lp64_product} {ergonomic}
     bool UseG1GC                                  = true                                      {product} {ergonomic}
     bool UseLargePagesIndividualAllocation        = false                                  {pd product} {ergonomic}

Logging:
Log output configuration:
 #0: stdout all=warning uptime,level,tags foldmultilines=false
 #1: stderr all=off uptime,level,tags foldmultilines=false

Environment Variables:
JAVA_HOME=C:\Program Files\Java\jdk-21
PATH=C:\Python312\Scripts\;C:\Python312\;C:\Program Files\Common Files\Oracle\Java\javapath;C:\Program Files (x86)\Common Files\Intel\Shared Libraries\redist\intel64\compiler;C:\WINDOWS\system32;C:\WINDOWS;C:\WINDOWS\System32\Wbem;C:\WINDOWS\System32\WindowsPowerShell\v1.0\;C:\WINDOWS\System32\OpenSSH\;C:\Users\DELL\Downloads\MinGW\lib;C:\mingw64\bin;C:\Program Files (x86)\Windows Kits\8.1\Windows Performance Toolkit\;C:\Program Files\Git\cmd;C:\Program Files (x86)\GnuWin32\bin;C:\ProgramData\chocolatey\bin;C:\Program Files\Graphviz\bin;C:\Program Files\dotnet\;C:\msys64\usr\bin;C:\msys64\mingw64\bin;;C:\Program Files\nodejs\;C:\Users\DELL\scoop\apps\composer\current\home\vendor\bin;C:\Users\DELL\scoop\shims;C:\Users\DELL\AppData\Local\Programs\Python\Python311\Scripts\;C:\Users\DELL\AppData\Local\Programs\Python\Python311\;C:\Users\DELL\AppData\Local\Programs\Python\Launcher\;C:\Users\DELL\AppData\Local\Microsoft\WindowsApps;C:\Program Files\CodeBlocks\MinGW\bin;C:\Program Files\CodeBlocks\share\CodeBlocks\compilers;C:\Users\DELL\Downloads\MinGW\lib;C:\Users\DELL\AppData\Local\Programs\Microsoft VS Code\bin;C:\Users\DELL\AppData\Local\Programs\nodejs;C:\Users\DELL\AppData\Roaming\npm;C:\Users\DELL\AppData\Local\Programs\MiKTeX\miktex\bin\x64\;C:\Users\DELL\AppData\Roaming\Python\Python312\Scripts;
USERNAME=DELL
OS=Windows_NT
PROCESSOR_IDENTIFIER=Intel64 Family 6 Model 140 Stepping 1, GenuineIntel
TMP=C:\Users\DELL\AppData\Local\Temp
TEMP=C:\Users\DELL\AppData\Local\Temp




---------------  S Y S T E M  ---------------

OS:
 Windows 11 , 64 bit Build 26100 (10.0.26100.8328)
OS uptime: 7 days 0:46 hours
Hyper-V role detected

CPU: total 8 (initial active 8) (4 cores per cpu, 2 threads per core) family 6 model 140 stepping 1 microcode 0xbe, cx8, cmov, fxsr, ht, mmx, 3dnowpref, sse, sse2, sse3, ssse3, sse4.1, sse4.2, popcnt, lzcnt, tsc, tscinvbit, avx, avx2, aes, erms, clmul, bmi1, bmi2, adx, avx512f, avx512dq, avx512cd, avx512bw, avx512vl, sha, fma, vzeroupper, avx512_vpopcntdq, avx512_vpclmulqdq, avx512_vaes, avx512_vnni, clflush, clflushopt, clwb, avx512_vbmi2, avx512_vbmi, hv, rdtscp, rdpid, fsrm, gfni, avx512_bitalg, f16c, cet_ibt, cet_ss, avx512_ifma
Processor Information for all 8 processors :
  Max Mhz: 1382, Current Mhz: 1382, Mhz Limit: 1382

Memory: 4k page, system-wide physical 16129M (2744M free)
TotalPageFile size 26837M (AvailPageFile size 199M)
current process WorkingSet (physical memory assigned to process): 2924M, peak: 3002M
current process commit charge ("private bytes"): 3052M, peak: 3290M

vm_info: Java HotSpot(TM) 64-Bit Server VM (21+35-LTS-2513) for windows-amd64 JRE (21+35-LTS-2513), built on 2023-08-09T20:25:10Z by "mach5one" with MS VC++ 17.1 (VS2022)

END.
